Workbook

Sheet gestion Stan  Dams
B5: Règle de sélection des favoris pour les phases finales ? | E5: Quels points ?
B11: Attention ne surtout pas toucher !!!!! Save des formules
B13: Fomule prono : | C13: =IF(J6=F6,IF( OR(I6="3 - 1",I6="4 - 1",I6="4 - 2"),100,IF( OR(I6="2 - 1",I6="3 - 2",I6="4 - 3"),75,IF( OR(I6="3 - 4",I6="2 - 3",I6="1 - 2"),50,IF( OR(I6="1 - 3",I6="2 - 4"),25,0))))) -> 0 | E13: Fomule qualif : | G13: =IF(J6=F6,IF( OR(I6="3 - 1",I6="4 - 1",I6="4 - 2"),100,IF( OR(I6="2 - 1",I6="3 - 2",I6="4 - 3"),75,IF( OR(I6="3 - 4",I6="2 - 3",I6="1 - 2"),50,IF( OR(I6="1 - 3",I6="2 - 4"),25,0)))))+IF(K6=G6,+75,0)+IF(L6="oui",+50,0) -> 75
E15: Fomule 8e finale : | G15: =IF(K4="oui",50,0)+IF(I4=E4,IF(H4="R",75,IF(H4="S",25,0))+IF(J4=F4,+75,0),0) -> 75
E17: Formule Nbr score exact : | G17: =SUMPRODUCT(('Dams 1'!G7:G12='Dams 1'!K7:K12)*1)+SUMPRODUCT(('Dams 1'!G16:G21='Dams 1'!K16:K21)*1)+SUMPRODUCT(('Dams 1'!G25:G30='Dams 1'!K25:K30)*1)+SUMPRODUCT(('Dams 1'!G34:G39='Dams 1'!K34:K39)*1)+SUMPRODUCT(('Dams 1'!G43:G48='Dams 1'!K43:K48)*1)+SUMPRODUCT(('Dams 1'!G52:G57='Dams 1'!K52:K57)*1)+SUMPRODUCT(('Dams 1'!G61:G66='Dams 1'!K61:K66)*1)+SUMPRODUCT(('Dams 1'!G70:G75='Dams 1'!K70:K75)*1)+SUMPRODUCT(('Dams 1'!G79:G84='Dams 1'!K79:K84)*1)+SUMPRODUCT(('Dams 1'!G88:G93='Dams 1'!K88:K93)*1)+SUMPRODUCT(('Dams 1'!G97:G102='Dams 1'!K97:K102)*1)+SUMPRODUCT(('Dams 1'!G106:G111='Dams 1'!K106:K111)*1) -> 0
E19: Formule Nbr pronoo exact : | G19: =SUMPRODUCT(('Dams 1'!F7:F12='Dams 1'!J7:J12)*1)+SUMPRODUCT(('Dams 1'!F16:F21='Dams 1'!J16:J21)*1)+SUMPRODUCT(('Dams 1'!F25:F30='Dams 1'!J25:J30)*1)+SUMPRODUCT(('Dams 1'!F34:F39='Dams 1'!J34:J39)*1)+SUMPRODUCT(('Dams 1'!F43:F48='Dams 1'!J43:J48)*1)+SUMPRODUCT(('Dams 1'!F52:F57='Dams 1'!J52:J57)*1)+SUMPRODUCT(('Dams 1'!F61:F66='Dams 1'!J61:J66)*1)+SUMPRODUCT(('Dams 1'!F70:F75='Dams 1'!J70:J75)*1)+SUMPRODUCT(('Dams 1'!F79:F84='Dams 1'!J79:J84)*1)+SUMPRODUCT(('Dams 1'!F88:F93='Dams 1'!J88:J93)*1)+SUMPRODUCT(('Dams 1'!F97:F102='Dams 1'!J97:J102)*1)+SUMPRODUCT(('Dams 1'!F106:F111='Dams 1'!J106:J111)*1) -> 2
D23: Rang | E23: A | F23: =SUM(F24:F27) -> 141 | G23: Rang | H23: B | I23: =SUM(I24:I27) -> 169 | J23: Rang | K23: C | L23: =SUM(L24:L27) -> 140 | M23: Rang | N23: D | O23: =SUM(O24:O27) -> 105
D24: 1 | E24: Mexique | F24: 15 | G24: 2 | H24: Canada | I24: 30 | J24: 1 | K24: Bresil | L24: 6 | M24: 1 | N24: Etat Unis | O24: 16
A25: Equipes | B25: 1 | C25: I | D25: 2 | E25: Coree du sud | F25: 25 | G25: 1 | H25: Suisse | I25: 19 | J25: 2 | K25: Maroc | L25: 8 | M25: 3 | N25: Australie | O25: 27
B26: 2 | C26: D | D26: 4 | E26: Afrique du sud | F26: 60 | G26: 3 | H26: Qatar | I26: 55 | J26: 3 | K26: Ecosse | L26: 43 | M26: 4 | N26: Paraguay | O26: 40
B27: 3 | C27: F | D27: 3 | E27: Republique Tcheque | F27: 41 | G27: 4 | H27: Bosnie | I27: 65 | J27: 4 | K27: Haïti | L27: 83 | M27: 2 | N27: Turquie | O27: 22
B28: 4 | C28: K
B29: 5 | C29: J | D29: Rang | E29: E | F29: =SUM(F30:F33) -> 149 | G29: Rang | H29: F | I29: =SUM(I30:I33) -> 107 | J29: Rang | K29: G | L29: =SUM(L30:L33) -> 144 | M29: Rang | N29: H | O29: =SUM(O30:O33) -> 149
B30: 6 | C30: L | D30: 1 | E30: Allemagne | F30: 10 | G30: 1 | H30: Pays Bas | I30: 7 | J30: 1 | K30: Belgique | L30: 9 | M30: 1 | N30: Espagne | O30: 2
B31: 7 | C31: C | D31: 2 | E31: Equateur | F31: 23 | G31: 2 | H31: Japon | I31: 18 | J31: 2 | K31: Iran | L31: 21 | M31: 2 | N31: Uruguay | O31: 17
B32: 8 | C32: A | D32: 3 | E32: Cote d'Ivoire | F32: 34 | G32: 4 | H32: Tunisie | I32: 44 | J32: 3 | K32: Egypte | L32: 29 | M32: 3 | N32: Arabie Saoudite | O32: 61
B33: 9 | C33: G | D33: 4 | E33: Curaçao | F33: 82 | G33: 3 | H33: Suede | I33: 38 | J33: 4 | K33: Nouvelle Zelande | L33: 85 | M33: 4 | N33: Cap Vert | O33: 69
B34: 10 | C34: E
B35: 11 | C35: H | D35: Rang | E35: I | F35: =SUM(F36:F39) -> 103 | G35: Rang | H35: J | I35: =SUM(I36:I39) -> 118 | J35: Rang | K35: K | L35: =SUM(L36:L39) -> 114 | M35: Rang | N35: L | O35: =SUM(O36:O39) -> 122
B36: 12 | C36: B | D36: 1 | E36: France | F36: 1 | G36: 1 | H36: Argentine | I36: 3 | J36: 1 | K36: Portugal | L36: 5 | M36: 1 | N36: Angleterre | O36: 4
D37: 2 | E37: Senegal | F37: 14 | G37: 2 | H37: Autriche | I37: 24 | J37: 2 | K37: Colombie | L37: 13 | M37: 2 | N37: Croacie | O37: 11
D38: 3 | E38: Norvege | F38: 31 | G38: 3 | H38: Algerie | I38: 28 | J38: 4 | K38: Ouzbekistan | L38: 50 | M38: 3 | N38: Panama | O38: 33
D39: 4 | E39: Irak | F39: 57 | G39: 4 | H39: Jordanie | I39: 63 | J39: 3 | K39: RD Congo | L39: 46 | M39: 4 | N39: Ghana | O39: 74

Sheet Présentation 
C2: Grand Tournois Coupe du monde 2026 du Rattepit Fc
A5: Joueurs : | D5: Un objectif : | E5: Le poduim se fait offrir le restau par les 3 moins bien classés
A6: Dam's | B6: Stan
A7: Léna | B7: Pata | D7: Organisation : | E7: Début des hostilités le 11 Juin 2026
A8: Goyt | B8: Marina | E8: 104 matchs à pronostiquer des phases de poule à la finale
A9: Noé | B9: Ricco
A10: Clara | B10: Vero
A11: Erwan | B11: Hugo C. | D11: Les règles : | E11: Assumes tous tes pronos et flex quand tu encaisses les points avec un bon choix de booster !
A12: Jess | B12: Jeje | E12: TrashTalk autorisé et encouragé en toutes circonstances
A13: Micka | B13: Laura | E13: Un seul booster par jour maximum !
A14: Greg | B14: Paco
A15: Shervan | B15: Cyrille | D15: Fonctionnement : | E15: Le calcule des points est déterminé en fonction des risques pris lors du prono. Plus un prono est jugé risqué plus il rapporte de points et inversement. Le risque des pronos est determiné par le classement FIFA des équipes en date du début de la compétiton au sein de leur poule. Ainsi, est attribué à chaque équipe une valeur de 1 à 4 (1 étant le top et 4 étant le flop).
A16: Chloé | B16: Joris
A17: Steph | B17: Mathys
A18: Aymeric | B18: Kalash
A19: Nikola | B19: Hugo.O
E20: Vous disposez donc de 5 types de prono :
E21: Le prono SAFE (1-3 ; 1-4 ; 2-4) -> prono sur l'équipe ayant 2 rangs suppérieurs par rapport à son adversaire.
E22: Le prono M-S (1-2 ; 2-3 ; 3-4) -> prono sur l'équipe ayant 1 rang suppérieur par rapport à son adversaire.
E23: Le prono Nul -> prono sur le scénario où aucune des deux équipes ne prend le dessus sur l'autre.
E24: Le prono M-R (2-1 ; 3-2 ; 4-3) -> prono sur l'équipe ayant 1 rang inférieur par rapport à son adversaire.
E25: Le prono RISQUÉ (3-1 ; 4-1 ; 4-2) -> prono sur l'équipe ayant 2 rangs inférieurs par rapport à son adversaire.
D27: Les points : | E27: Prono SAFE : 25 pts | H27: Les Boosters : | I27: Booster validé = +50pts
E28: Prono M-S : 50 pts
E29: Prono Nul : 60 pts
E30: Prono M-R : 75 pts | H30: Score parfait : | I30: Tu trouves le score exact = jackpot +75pts
E31: Prono RISQUÉ : 100 pts
D33: Faire ses pronos : | E33: Dans vos onglets individuels vous n'avez qu'à remplir les colonnes "F" , "G" et "H".
E34: Faite bien attention à ne pas mettre d'espace en trop au moment de remplir pronos et scores.
E35: Les scores doivent être rédigé comme ci : "2 - 2" (score, espace, tiret, espace, score).
E36: Si vous souhaitez utiliser un bonus, vous devez écrire le numéro du booster "B1, ..." dans la ligne du match en colone "H".

Sheet Equipes
B2: Rang | C2: A | E2: Rang | F2: B | H2: Rang | I2: C | K2: Rang | L2: D
B3: 1 | C3: Mexique | E3: 2 | F3: Canada | H3: 1 | I3: Bresil | K3: 1 | L3: Etat Unis
B4: 2 | C4: Coree du sud | E4: 1 | F4: Suisse | H4: 2 | I4: Maroc | K4: 3 | L4: Australie
B5: 4 | C5: Afrique du sud | E5: 3 | F5: Qatar | H5: 3 | I5: Ecosse | K5: 4 | L5: Paraguay
B6: 3 | C6: Republique Tcheque | E6: 4 | F6: Bosnie | H6: 4 | I6: Haïti | K6: 2 | L6: Turquie
B8: Rang | C8: E | E8: Rang | F8: F | H8: Rang | I8: G | K8: Rang | L8: H
B9: 1 | C9: Allemagne | E9: 1 | F9: Pays Bas | H9: 1 | I9: Belgique | K9: 1 | L9: Espagne
B10: 2 | C10: Equateur | E10: 2 | F10: Japon | H10: 2 | I10: Iran | K10: 2 | L10: Uruguay
B11: 3 | C11: Cote d'Ivoire | E11: 4 | F11: Tunisie | H11: 3 | I11: Egypte | K11: 3 | L11: Arabie Saoudite
B12: 4 | C12: Curaçao | E12: 3 | F12: Suede | H12: 4 | I12: Nouvelle Zelande | K12: 4 | L12: Cap Vert
B14: Rang | C14: I | E14: Rang | F14: J | H14: Rang | I14: K | K14: Rang | L14: L
B15: 1 | C15: France | E15: 1 | F15: Argentine | H15: 1 | I15: Portugal | K15: 1 | L15: Angleterre
B16: 2 | C16: Senegal | E16: 2 | F16: Autriche | H16: 2 | I16: Colombie | K16: 2 | L16: Croacie
B17: 3 | C17: Norvege | E17: 3 | F17: Algerie | H17: 4 | I17: Ouzbekistan | K17: 3 | L17: Panama
B18: 4 | C18: Irak | E18: 4 | F18: Jordanie | H18: 3 | I18: RD Congo | K18: 4 | L18: Ghana

Sheet Classement
B2: Joueurs | C2: Nbr prono exact | D2: Nbr score exact | E2: Points | F2: Classement
B3: Dam's | C3: =SUMPRODUCT(('Dams 1'!F7:F12='Dams 1'!J7:J12)*1)+SUMPRODUCT(('Dams 1'!F16:F21='Dams 1'!J16:J21)*1)+SUMPRODUCT(('Dams 1'!F25:F30='Dams 1'!J25:J30)*1)+SUMPRODUCT(('Dams 1'!F34:F39='Dams 1'!J34:J39)*1)+SUMPRODUCT(('Dams 1'!F43:F48='Dams 1'!J43:J48)*1)+SUMPRODUCT(('Dams 1'!F52:F57='Dams 1'!J52:J57)*1)+SUMPRODUCT(('Dams 1'!F61:F66='Dams 1'!J61:J66)*1)+SUMPRODUCT(('Dams 1'!F70:F75='Dams 1'!J70:J75)*1)+SUMPRODUCT(('Dams 1'!F79:F84='Dams 1'!J79:J84)*1)+SUMPRODUCT(('Dams 1'!F88:F93='Dams 1'!J88:J93)*1)+SUMPRODUCT(('Dams 1'!F97:F102='Dams 1'!J97:J102)*1)+SUMPRODUCT(('Dams 1'!F106:F111='Dams 1'!J106:J111)*1) -> 2 | D3: =SUMPRODUCT(('Dams 1'!G7:G12='Dams 1'!K7:K12)*1)+SUMPRODUCT(('Dams 1'!G16:G21='Dams 1'!K16:K21)*1)+SUMPRODUCT(('Dams 1'!G25:G30='Dams 1'!K25:K30)*1)+SUMPRODUCT(('Dams 1'!G34:G39='Dams 1'!K34:K39)*1)+SUMPRODUCT(('Dams 1'!G43:G48='Dams 1'!K43:K48)*1)+SUMPRODUCT(('Dams 1'!G52:G57='Dams 1'!K52:K57)*1)+SUMPRODUCT(('Dams 1'!G61:G66='Dams 1'!K61:K66)*1)+SUMPRODUCT(('Dams 1'!G70:G75='Dams 1'!K70:K75)*1)+SUMPRODUCT(('Dams 1'!G79:G84='Dams 1'!K79:K84)*1)+SUMPRODUCT(('Dams 1'!G88:G93='Dams 1'!K88:K93)*1)+SUMPRODUCT(('Dams 1'!G97:G102='Dams 1'!K97:K102)*1)+SUMPRODUCT(('Dams 1'!G106:G111='Dams 1'!K106:K111)*1) -> 0 | E3: =SUM('Dams 1'!M:M)+SUM('Dams 2'!M:M) -> 50 | F3: =RANK(E3,E:E,0) -> 27
B4: Stan | C4: =SUMPRODUCT(('Stan 1'!F7:F12='Stan 1'!J7:J12)*1)+SUMPRODUCT(('Stan 1'!F16:F21='Stan 1'!J16:J21)*1)+SUMPRODUCT(('Stan 1'!F25:F30='Stan 1'!J25:J30)*1)+SUMPRODUCT(('Stan 1'!F34:F39='Stan 1'!J34:J39)*1)+SUMPRODUCT(('Stan 1'!F43:F48='Stan 1'!J43:J48)*1)+SUMPRODUCT(('Stan 1'!F52:F57='Stan 1'!J52:J57)*1)+SUMPRODUCT(('Stan 1'!F61:F66='Stan 1'!J61:J66)*1)+SUMPRODUCT(('Stan 1'!F70:F75='Stan 1'!J70:J75)*1)+SUMPRODUCT(('Stan 1'!F79:F84='Stan 1'!J79:J84)*1)+SUMPRODUCT(('Stan 1'!F88:F93='Stan 1'!J88:J93)*1)+SUMPRODUCT(('Stan 1'!F97:F102='Stan 1'!J97:J102)*1)+SUMPRODUCT(('Stan 1'!F106:F111='Stan 1'!J106:J111)*1) -> 2 | D4: =SUMPRODUCT(('Stan 1'!G7:G12='Stan 1'!K7:K12)*1)+SUMPRODUCT(('Stan 1'!G16:G21='Stan 1'!K16:K21)*1)+SUMPRODUCT(('Stan 1'!G25:G30='Stan 1'!K25:K30)*1)+SUMPRODUCT(('Stan 1'!G34:G39='Stan 1'!K34:K39)*1)+SUMPRODUCT(('Stan 1'!G43:G48='Stan 1'!K43:K48)*1)+SUMPRODUCT(('Stan 1'!G52:G57='Stan 1'!K52:K57)*1)+SUMPRODUCT(('Stan 1'!G61:G66='Stan 1'!K61:K66)*1)+SUMPRODUCT(('Stan 1'!G70:G75='Stan 1'!K70:K75)*1)+SUMPRODUCT(('Stan 1'!G79:G84='Stan 1'!K79:K84)*1)+SUMPRODUCT(('Stan 1'!G88:G93='Stan 1'!K88:K93)*1)+SUMPRODUCT(('Stan 1'!G97:G102='Stan 1'!K97:K102)*1)+SUMPRODUCT(('Stan 1'!G106:G111='Stan 1'!K106:K111)*1) -> 1 | E4: =SUM('Stan 1'!M:M)+Y72 -> 175 | F4: =RANK(E4,E:E,0) -> 8
B5: Pata | C5: =SUMPRODUCT(('Pata 1'!F7:F12='Pata 1'!J7:J12)*1)+SUMPRODUCT(('Pata 1'!F16:F21='Pata 1'!J16:J21)*1)+SUMPRODUCT(('Pata 1'!F25:F30='Pata 1'!J25:J30)*1)+SUMPRODUCT(('Pata 1'!F34:F39='Pata 1'!J34:J39)*1)+SUMPRODUCT(('Pata 1'!F43:F48='Pata 1'!J43:J48)*1)+SUMPRODUCT(('Pata 1'!F52:F57='Pata 1'!J52:J57)*1)+SUMPRODUCT(('Pata 1'!F61:F66='Pata 1'!J61:J66)*1)+SUMPRODUCT(('Pata 1'!F70:F75='Pata 1'!J70:J75)*1)+SUMPRODUCT(('Pata 1'!F79:F84='Pata 1'!J79:J84)*1)+SUMPRODUCT(('Pata 1'!F88:F93='Pata 1'!J88:J93)*1)+SUMPRODUCT(('Pata 1'!F97:F102='Pata 1'!J97:J102)*1)+SUMPRODUCT(('Pata 1'!F106:F111='Pata 1'!J106:J111)*1) -> 2 | D5: =SUMPRODUCT(('Pata 1'!G7:G12='Pata 1'!K7:K12)*1)+SUMPRODUCT(('Pata 1'!G16:G21='Pata 1'!K16:K21)*1)+SUMPRODUCT(('Pata 1'!G25:G30='Pata 1'!K25:K30)*1)+SUMPRODUCT(('Pata 1'!G34:G39='Pata 1'!K34:K39)*1)+SUMPRODUCT(('Pata 1'!G43:G48='Pata 1'!K43:K48)*1)+SUMPRODUCT(('Pata 1'!G52:G57='Pata 1'!K52:K57)*1)+SUMPRODUCT(('Pata 1'!G61:G66='Pata 1'!K61:K66)*1)+SUMPRODUCT(('Pata 1'!G70:G75='Pata 1'!K70:K75)*1)+SUMPRODUCT(('Pata 1'!G79:G84='Pata 1'!K79:K84)*1)+SUMPRODUCT(('Pata 1'!G88:G93='Pata 1'!K88:K93)*1)+SUMPRODUCT(('Pata 1'!G97:G102='Pata 1'!K97:K102)*1)+SUMPRODUCT(('Pata 1'!G106:G111='Pata 1'!K106:K111)*1) -> 0 | E5: =SUM('Pata 1'!M:M)+Y73 -> 100 | F5: =RANK(E5,E:E,0) -> 17
B6: Marina | C6: =SUMPRODUCT(('Marina 1'!F7:F12='Marina 1'!J7:J12)*1)+SUMPRODUCT(('Marina 1'!F16:F21='Marina 1'!J16:J21)*1)+SUMPRODUCT(('Marina 1'!F25:F30='Marina 1'!J25:J30)*1)+SUMPRODUCT(('Marina 1'!F34:F39='Marina 1'!J34:J39)*1)+SUMPRODUCT(('Marina 1'!F43:F48='Marina 1'!J43:J48)*1)+SUMPRODUCT(('Marina 1'!F52:F57='Marina 1'!J52:J57)*1)+SUMPRODUCT(('Marina 1'!F61:F66='Marina 1'!J61:J66)*1)+SUMPRODUCT(('Marina 1'!F70:F75='Marina 1'!J70:J75)*1)+SUMPRODUCT(('Marina 1'!F79:F84='Marina 1'!J79:J84)*1)+SUMPRODUCT(('Marina 1'!F88:F93='Marina 1'!J88:J93)*1)+SUMPRODUCT(('Marina 1'!F97:F102='Marina 1'!J97:J102)*1)+SUMPRODUCT(('Marina 1'!F106:F111='Marina 1'!J106:J111)*1) -> 2 | D6: =SUMPRODUCT(('Marina 1'!G7:G12='Marina 1'!K7:K12)*1)+SUMPRODUCT(('Marina 1'!G16:G21='Marina 1'!K16:K21)*1)+SUMPRODUCT(('Marina 1'!G25:G30='Marina 1'!K25:K30)*1)+SUMPRODUCT(('Marina 1'!G34:G39='Marina 1'!K34:K39)*1)+SUMPRODUCT(('Marina 1'!G43:G48='Marina 1'!K43:K48)*1)+SUMPRODUCT(('Marina 1'!G52:G57='Marina 1'!K52:K57)*1)+SUMPRODUCT(('Marina 1'!G61:G66='Marina 1'!K61:K66)*1)+SUMPRODUCT(('Marina 1'!G70:G75='Marina 1'!K70:K75)*1)+SUMPRODUCT(('Marina 1'!G79:G84='Marina 1'!K79:K84)*1)+SUMPRODUCT(('Marina 1'!G88:G93='Marina 1'!K88:K93)*1)+SUMPRODUCT(('Marina 1'!G97:G102='Marina 1'!K97:K102)*1)+SUMPRODUCT(('Marina 1'!G106:G111='Marina 1'!K106:K111)*1) -> 1 | E6: =SUM('Marina 1'!M:M)+Y74 -> 125 | F6: =RANK(E6,E:E,0) -> 13
B7: Ricco | C7: =SUMPRODUCT(('Ricco 1'!F7:F12='Ricco 1'!J7:J12)*1)+SUMPRODUCT(('Ricco 1'!F16:F21='Ricco 1'!J16:J21)*1)+SUMPRODUCT(('Ricco 1'!F25:F30='Ricco 1'!J25:J30)*1)+SUMPRODUCT(('Ricco 1'!F34:F39='Ricco 1'!J34:J39)*1)+SUMPRODUCT(('Ricco 1'!F43:F48='Ricco 1'!J43:J48)*1)+SUMPRODUCT(('Ricco 1'!F52:F57='Ricco 1'!J52:J57)*1)+SUMPRODUCT(('Ricco 1'!F61:F66='Ricco 1'!J61:J66)*1)+SUMPRODUCT(('Ricco 1'!F70:F75='Ricco 1'!J70:J75)*1)+SUMPRODUCT(('Ricco 1'!F79:F84='Ricco 1'!J79:J84)*1)+SUMPRODUCT(('Ricco 1'!F88:F93='Ricco 1'!J88:J93)*1)+SUMPRODUCT(('Ricco 1'!F97:F102='Ricco 1'!J97:J102)*1)+SUMPRODUCT(('Ricco 1'!F106:F111='Ricco 1'!J106:J111)*1) -> 1 | D7: =SUMPRODUCT(('Ricco 1'!G7:G12='Ricco 1'!K7:K12)*1)+SUMPRODUCT(('Ricco 1'!G16:G21='Ricco 1'!K16:K21)*1)+SUMPRODUCT(('Ricco 1'!G25:G30='Ricco 1'!K25:K30)*1)+SUMPRODUCT(('Ricco 1'!G34:G39='Ricco 1'!K34:K39)*1)+SUMPRODUCT(('Ricco 1'!G43:G48='Ricco 1'!K43:K48)*1)+SUMPRODUCT(('Ricco 1'!G52:G57='Ricco 1'!K52:K57)*1)+SUMPRODUCT(('Ricco 1'!G61:G66='Ricco 1'!K61:K66)*1)+SUMPRODUCT(('Ricco 1'!G70:G75='Ricco 1'!K70:K75)*1)+SUMPRODUCT(('Ricco 1'!G79:G84='Ricco 1'!K79:K84)*1)+SUMPRODUCT(('Ricco 1'!G88:G93='Ricco 1'!K88:K93)*1)+SUMPRODUCT(('Ricco 1'!G97:G102='Ricco 1'!K97:K102)*1)+SUMPRODUCT(('Ricco 1'!G106:G111='Ricco 1'!K106:K111)*1) -> 1 | E7: =SUM('Ricco 1'!M:M)+Y75 -> 150 | F7: =RANK(E7,E:E,0) -> 11
B8: Vero | C8: =SUMPRODUCT(('Vero 1'!F7:F12='Vero 1'!J7:J12)*1)+SUMPRODUCT(('Vero 1'!F16:F21='Vero 1'!J16:J21)*1)+SUMPRODUCT(('Vero 1'!F25:F30='Vero 1'!J25:J30)*1)+SUMPRODUCT(('Vero 1'!F34:F39='Vero 1'!J34:J39)*1)+SUMPRODUCT(('Vero 1'!F43:F48='Vero 1'!J43:J48)*1)+SUMPRODUCT(('Vero 1'!F52:F57='Vero 1'!J52:J57)*1)+SUMPRODUCT(('Vero 1'!F61:F66='Vero 1'!J61:J66)*1)+SUMPRODUCT(('Vero 1'!F70:F75='Vero 1'!J70:J75)*1)+SUMPRODUCT(('Vero 1'!F79:F84='Vero 1'!J79:J84)*1)+SUMPRODUCT(('Vero 1'!F88:F93='Vero 1'!J88:J93)*1)+SUMPRODUCT(('Vero 1'!F97:F102='Vero 1'!J97:J102)*1)+SUMPRODUCT(('Vero 1'!F106:F111='Vero 1'!J106:J111)*1) -> 3 | D8: =SUMPRODUCT(('Vero 1'!G7:G12='Vero 1'!K7:K12)*1)+SUMPRODUCT(('Vero 1'!G16:G21='Vero 1'!K16:K21)*1)+SUMPRODUCT(('Vero 1'!G25:G30='Vero 1'!K25:K30)*1)+SUMPRODUCT(('Vero 1'!G34:G39='Vero 1'!K34:K39)*1)+SUMPRODUCT(('Vero 1'!G43:G48='Vero 1'!K43:K48)*1)+SUMPRODUCT(('Vero 1'!G52:G57='Vero 1'!K52:K57)*1)+SUMPRODUCT(('Vero 1'!G61:G66='Vero 1'!K61:K66)*1)+SUMPRODUCT(('Vero 1'!G70:G75='Vero 1'!K70:K75)*1)+SUMPRODUCT(('Vero 1'!G79:G84='Vero 1'!K79:K84)*1)+SUMPRODUCT(('Vero 1'!G88:G93='Vero 1'!K88:K93)*1)+SUMPRODUCT(('Vero 1'!G97:G102='Vero 1'!K97:K102)*1)+SUMPRODUCT(('Vero 1'!G106:G111='Vero 1'!K106:K111)*1) -> 1 | E8: =SUM('Vero 1'!M:M)+Y76 -> 185 | F8: =RANK(E8,E:E,0) -> 7
B9: Hugo C. | C9: =SUMPRODUCT(('Hugo 1'!F7:F12='Hugo 1'!J7:J12)*1)+SUMPRODUCT(('Hugo 1'!F16:F21='Hugo 1'!J16:J21)*1)+SUMPRODUCT(('Hugo 1'!F25:F30='Hugo 1'!J25:J30)*1)+SUMPRODUCT(('Hugo 1'!F34:F39='Hugo 1'!J34:J39)*1)+SUMPRODUCT(('Hugo 1'!F43:F48='Hugo 1'!J43:J48)*1)+SUMPRODUCT(('Hugo 1'!F52:F57='Hugo 1'!J52:J57)*1)+SUMPRODUCT(('Hugo 1'!F61:F66='Hugo 1'!J61:J66)*1)+SUMPRODUCT(('Hugo 1'!F70:F75='Hugo 1'!J70:J75)*1)+SUMPRODUCT(('Hugo 1'!F79:F84='Hugo 1'!J79:J84)*1)+SUMPRODUCT(('Hugo 1'!F88:F93='Hugo 1'!J88:J93)*1)+SUMPRODUCT(('Hugo 1'!F97:F102='Hugo 1'!J97:J102)*1)+SUMPRODUCT(('Hugo 1'!F106:F111='Hugo 1'!J106:J111)*1) -> 2 | D9: =SUMPRODUCT(('Hugo 1'!G7:G12='Hugo 1'!K7:K12)*1)+SUMPRODUCT(('Hugo 1'!G16:G21='Hugo 1'!K16:K21)*1)+SUMPRODUCT(('Hugo 1'!G25:G30='Hugo 1'!K25:K30)*1)+SUMPRODUCT(('Hugo 1'!G34:G39='Hugo 1'!K34:K39)*1)+SUMPRODUCT(('Hugo 1'!G43:G48='Hugo 1'!K43:K48)*1)+SUMPRODUCT(('Hugo 1'!G52:G57='Hugo 1'!K52:K57)*1)+SUMPRODUCT(('Hugo 1'!G61:G66='Hugo 1'!K61:K66)*1)+SUMPRODUCT(('Hugo 1'!G70:G75='Hugo 1'!K70:K75)*1)+SUMPRODUCT(('Hugo 1'!G79:G84='Hugo 1'!K79:K84)*1)+SUMPRODUCT(('Hugo 1'!G88:G93='Hugo 1'!K88:K93)*1)+SUMPRODUCT(('Hugo 1'!G97:G102='Hugo 1'!K97:K102)*1)+SUMPRODUCT(('Hugo 1'!G106:G111='Hugo 1'!K106:K111)*1) -> 0 | E9: =SUM('Hugo 1'!M:M)+Y77 -> 75 | F9: =RANK(E9,E:E,0) -> 22
B10: Jeje | C10: =SUMPRODUCT(('Jeje 1'!F7:F12='Jeje 1'!J7:J12)*1)+SUMPRODUCT(('Jeje 1'!F16:F21='Jeje 1'!J16:J21)*1)+SUMPRODUCT(('Jeje 1'!F25:F30='Jeje 1'!J25:J30)*1)+SUMPRODUCT(('Jeje 1'!F34:F39='Jeje 1'!J34:J39)*1)+SUMPRODUCT(('Jeje 1'!F43:F48='Jeje 1'!J43:J48)*1)+SUMPRODUCT(('Jeje 1'!F52:F57='Jeje 1'!J52:J57)*1)+SUMPRODUCT(('Jeje 1'!F61:F66='Jeje 1'!J61:J66)*1)+SUMPRODUCT(('Jeje 1'!F70:F75='Jeje 1'!J70:J75)*1)+SUMPRODUCT(('Jeje 1'!F79:F84='Jeje 1'!J79:J84)*1)+SUMPRODUCT(('Jeje 1'!F88:F93='Jeje 1'!J88:J93)*1)+SUMPRODUCT(('Jeje 1'!F97:F102='Jeje 1'!J97:J102)*1)+SUMPRODUCT(('Jeje 1'!F106:F111='Jeje 1'!J106:J111)*1) -> 3 | D10: =SUMPRODUCT(('Jeje 1'!G7:G12='Jeje 1'!K7:K12)*1)+SUMPRODUCT(('Jeje 1'!G16:G21='Jeje 1'!K16:K21)*1)+SUMPRODUCT(('Jeje 1'!G25:G30='Jeje 1'!K25:K30)*1)+SUMPRODUCT(('Jeje 1'!G34:G39='Jeje 1'!K34:K39)*1)+SUMPRODUCT(('Jeje 1'!G43:G48='Jeje 1'!K43:K48)*1)+SUMPRODUCT(('Jeje 1'!G52:G57='Jeje 1'!K52:K57)*1)+SUMPRODUCT(('Jeje 1'!G61:G66='Jeje 1'!K61:K66)*1)+SUMPRODUCT(('Jeje 1'!G70:G75='Jeje 1'!K70:K75)*1)+SUMPRODUCT(('Jeje 1'!G79:G84='Jeje 1'!K79:K84)*1)+SUMPRODUCT(('Jeje 1'!G88:G93='Jeje 1'!K88:K93)*1)+SUMPRODUCT(('Jeje 1'!G97:G102='Jeje 1'!K97:K102)*1)+SUMPRODUCT(('Jeje 1'!G106:G111='Jeje 1'!K106:K111)*1) -> 1 | E10: =SUM('Jeje 1'!M:M)+Y78 -> 235 | F10: =RANK(E10,E:E,0) -> 3
B11: Laura | C11: =SUMPRODUCT(('Laura 1'!F7:F12='Laura 1'!J7:J12)*1)+SUMPRODUCT(('Laura 1'!F16:F21='Laura 1'!J16:J21)*1)+SUMPRODUCT(('Laura 1'!F25:F30='Laura 1'!J25:J30)*1)+SUMPRODUCT(('Laura 1'!F34:F39='Laura 1'!J34:J39)*1)+SUMPRODUCT(('Laura 1'!F43:F48='Laura 1'!J43:J48)*1)+SUMPRODUCT(('Laura 1'!F52:F57='Laura 1'!J52:J57)*1)+SUMPRODUCT(('Laura 1'!F61:F66='Laura 1'!J61:J66)*1)+SUMPRODUCT(('Laura 1'!F70:F75='Laura 1'!J70:J75)*1)+SUMPRODUCT(('Laura 1'!F79:F84='Laura 1'!J79:J84)*1)+SUMPRODUCT(('Laura 1'!F88:F93='Laura 1'!J88:J93)*1)+SUMPRODUCT(('Laura 1'!F97:F102='Laura 1'!J97:J102)*1)+SUMPRODUCT(('Laura 1'!F106:F111='Laura 1'!J106:J111)*1) -> 2 | D11: =SUMPRODUCT(('Laura 1'!G7:G12='Laura 1'!K7:K12)*1)+SUMPRODUCT(('Laura 1'!G16:G21='Laura 1'!K16:K21)*1)+SUMPRODUCT(('Laura 1'!G25:G30='Laura 1'!K25:K30)*1)+SUMPRODUCT(('Laura 1'!G34:G39='Laura 1'!K34:K39)*1)+SUMPRODUCT(('Laura 1'!G43:G48='Laura 1'!K43:K48)*1)+SUMPRODUCT(('Laura 1'!G52:G57='Laura 1'!K52:K57)*1)+SUMPRODUCT(('Laura 1'!G61:G66='Laura 1'!K61:K66)*1)+SUMPRODUCT(('Laura 1'!G70:G75='Laura 1'!K70:K75)*1)+SUMPRODUCT(('Laura 1'!G79:G84='Laura 1'!K79:K84)*1)+SUMPRODUCT(('Laura 1'!G88:G93='Laura 1'!K88:K93)*1)+SUMPRODUCT(('Laura 1'!G97:G102='Laura 1'!K97:K102)*1)+SUMPRODUCT(('Jeje 1'!G106:G111='Jeje 1'!K106:K111)*1) -> 1 | E11: =SUM('Laura 1'!M:M)+Y79 -> 125 | F11: =RANK(E11,E:E,0) -> 13
B12: Paco | C12: =SUMPRODUCT(('Paco 1'!F7:F12='Paco 1'!J7:J12)*1)+SUMPRODUCT(('Paco 1'!F16:F21='Paco 1'!J16:J21)*1)+SUMPRODUCT(('Paco 1'!F25:F30='Paco 1'!J25:J30)*1)+SUMPRODUCT(('Paco 1'!F34:F39='Paco 1'!J34:J39)*1)+SUMPRODUCT(('Paco 1'!F43:F48='Paco 1'!J43:J48)*1)+SUMPRODUCT(('Paco 1'!F52:F57='Paco 1'!J52:J57)*1)+SUMPRODUCT(('Paco 1'!F61:F66='Paco 1'!J61:J66)*1)+SUMPRODUCT(('Paco 1'!F70:F75='Paco 1'!J70:J75)*1)+SUMPRODUCT(('Paco 1'!F79:F84='Paco 1'!J79:J84)*1)+SUMPRODUCT(('Paco 1'!F88:F93='Paco 1'!J88:J93)*1)+SUMPRODUCT(('Paco 1'!F97:F102='Paco 1'!J97:J102)*1)+SUMPRODUCT(('Paco 1'!F106:F111='Paco 1'!J106:J111)*1) -> 3 | D12: =SUMPRODUCT(('Paco 1'!G7:G12='Paco 1'!K7:K12)*1)+SUMPRODUCT(('Paco 1'!G16:G21='Paco 1'!K16:K21)*1)+SUMPRODUCT(('Paco 1'!G25:G30='Paco 1'!K25:K30)*1)+SUMPRODUCT(('Paco 1'!G34:G39='Paco 1'!K34:K39)*1)+SUMPRODUCT(('Paco 1'!G43:G48='Paco 1'!K43:K48)*1)+SUMPRODUCT(('Paco 1'!G52:G57='Paco 1'!K52:K57)*1)+SUMPRODUCT(('Paco 1'!G61:G66='Paco 1'!K61:K66)*1)+SUMPRODUCT(('Paco 1'!G70:G75='Paco 1'!K70:K75)*1)+SUMPRODUCT(('Paco 1'!G79:G84='Paco 1'!K79:K84)*1)+SUMPRODUCT(('Paco 1'!G88:G93='Paco 1'!K88:K93)*1)+SUMPRODUCT(('Paco 1'!G97:G102='Paco 1'!K97:K102)*1)+SUMPRODUCT(('Paco 1'!G106:G111='Paco 1'!K106:K111)*1) -> 0 | E12: =SUM('Paco 1'!M:M)+Y80 -> 100 | F12: =RANK(E12,E:E,0) -> 17
B13: Cyrille | C13: =SUMPRODUCT(('Cyrille 1'!F7:F12='Cyrille 1'!J7:J12)*1)+SUMPRODUCT(('Cyrille 1'!F16:F21='Cyrille 1'!J16:J21)*1)+SUMPRODUCT(('Cyrille 1'!F25:F30='Cyrille 1'!J25:J30)*1)+SUMPRODUCT(('Cyrille 1'!F34:F39='Cyrille 1'!J34:J39)*1)+SUMPRODUCT(('Cyrille 1'!F43:F48='Cyrille 1'!J43:J48)*1)+SUMPRODUCT(('Cyrille 1'!F52:F57='Cyrille 1'!J52:J57)*1)+SUMPRODUCT(('Cyrille 1'!F61:F66='Cyrille 1'!J61:J66)*1)+SUMPRODUCT(('Cyrille 1'!F70:F75='Cyrille 1'!J70:J75)*1)+SUMPRODUCT(('Cyrille 1'!F79:F84='Cyrille 1'!J79:J84)*1)+SUMPRODUCT(('Cyrille 1'!F88:F93='Cyrille 1'!J88:J93)*1)+SUMPRODUCT(('Cyrille 1'!F97:F102='Cyrille 1'!J97:J102)*1)+SUMPRODUCT(('Cyrille 1'!F106:F111='Cyrille 1'!J106:J111)*1) -> 2 | D13: =SUMPRODUCT(('Cyrille 1'!G7:G12='Cyrille 1'!K7:K12)*1)+SUMPRODUCT(('Cyrille 1'!G16:G21='Cyrille 1'!K16:K21)*1)+SUMPRODUCT(('Cyrille 1'!G25:G30='Cyrille 1'!K25:K30)*1)+SUMPRODUCT(('Cyrille 1'!G34:G39='Cyrille 1'!K34:K39)*1)+SUMPRODUCT(('Cyrille 1'!G43:G48='Cyrille 1'!K43:K48)*1)+SUMPRODUCT(('Cyrille 1'!G52:G57='Cyrille 1'!K52:K57)*1)+SUMPRODUCT(('Cyrille 1'!G61:G66='Cyrille 1'!K61:K66)*1)+SUMPRODUCT(('Cyrille 1'!G70:G75='Cyrille 1'!K70:K75)*1)+SUMPRODUCT(('Cyrille 1'!G79:G84='Cyrille 1'!K79:K84)*1)+SUMPRODUCT(('Cyrille 1'!G88:G93='Cyrille 1'!K88:K93)*1)+SUMPRODUCT(('Cyrille 1'!G97:G102='Cyrille 1'!K97:K102)*1)+SUMPRODUCT(('Cyrille 1'!G106:G111='Cyrille 1'!K106:K111)*1) -> 0 | E13: =SUM('Cyrille 1'!M:M)+Y81 -> 50 | F13: =RANK(E13,E:E,0) -> 27
B14: Joris | C14: =SUMPRODUCT(('Joris 1'!F7:F12='Joris 1'!J7:J12)*1)+SUMPRODUCT(('Joris 1'!F16:F21='Joris 1'!J16:J21)*1)+SUMPRODUCT(('Joris 1'!F25:F30='Joris 1'!J25:J30)*1)+SUMPRODUCT(('Joris 1'!F34:F39='Joris 1'!J34:J39)*1)+SUMPRODUCT(('Joris 1'!F43:F48='Joris 1'!J43:J48)*1)+SUMPRODUCT(('Joris 1'!F52:F57='Joris 1'!J52:J57)*1)+SUMPRODUCT(('Joris 1'!F61:F66='Joris 1'!J61:J66)*1)+SUMPRODUCT(('Joris 1'!F70:F75='Joris 1'!J70:J75)*1)+SUMPRODUCT(('Joris 1'!F79:F84='Joris 1'!J79:J84)*1)+SUMPRODUCT(('Joris 1'!F88:F93='Joris 1'!J88:J93)*1)+SUMPRODUCT(('Joris 1'!F97:F102='Joris 1'!J97:J102)*1)+SUMPRODUCT(('Joris 1'!F106:F111='Joris 1'!J106:J111)*1) -> 3 | D14: =SUMPRODUCT(('Joris 1'!G7:G12='Joris 1'!K7:K12)*1)+SUMPRODUCT(('Joris 1'!G16:G21='Joris 1'!K16:K21)*1)+SUMPRODUCT(('Joris 1'!G25:G30='Joris 1'!K25:K30)*1)+SUMPRODUCT(('Joris 1'!G34:G39='Joris 1'!K34:K39)*1)+SUMPRODUCT(('Joris 1'!G43:G48='Joris 1'!K43:K48)*1)+SUMPRODUCT(('Joris 1'!G52:G57='Joris 1'!K52:K57)*1)+SUMPRODUCT(('Joris 1'!G61:G66='Joris 1'!K61:K66)*1)+SUMPRODUCT(('Joris 1'!G70:G75='Joris 1'!K70:K75)*1)+SUMPRODUCT(('Joris 1'!G79:G84='Joris 1'!K79:K84)*1)+SUMPRODUCT(('Joris 1'!G88:G93='Joris 1'!K88:K93)*1)+SUMPRODUCT(('Joris 1'!G97:G102='Joris 1'!K97:K102)*1)+SUMPRODUCT(('Joris 1'!G106:G111='Joris 1'!K106:K111)*1) -> 1 | E14: =SUM('Joris 1'!M:M)+Y82 -> 325 | F14: =RANK(E14,E:E,0) -> 1
B15: Léna | C15: =SUMPRODUCT(('Léna 1'!F7:F12='Léna 1'!J7:J12)*1)+SUMPRODUCT(('Léna 1'!F16:F21='Léna 1'!J16:J21)*1)+SUMPRODUCT(('Léna 1'!F25:F30='Léna 1'!J25:J30)*1)+SUMPRODUCT(('Léna 1'!F34:F39='Léna 1'!J34:J39)*1)+SUMPRODUCT(('Léna 1'!F43:F48='Léna 1'!J43:J48)*1)+SUMPRODUCT(('Léna 1'!F52:F57='Léna 1'!J52:J57)*1)+SUMPRODUCT(('Léna 1'!F61:F66='Léna 1'!J61:J66)*1)+SUMPRODUCT(('Léna 1'!F70:F75='Léna 1'!J70:J75)*1)+SUMPRODUCT(('Léna 1'!F79:F84='Léna 1'!J79:J84)*1)+SUMPRODUCT(('Léna 1'!F88:F93='Léna 1'!J88:J93)*1)+SUMPRODUCT(('Léna 1'!F97:F102='Léna 1'!J97:J102)*1)+SUMPRODUCT(('Léna 1'!F106:F111='Léna 1'!J106:J111)*1) -> 2 | D15: =SUMPRODUCT(('Léna 1'!G7:G12='Léna 1'!K7:K12)*1)+SUMPRODUCT(('Léna 1'!G16:G21='Léna 1'!K16:K21)*1)+SUMPRODUCT(('Léna 1'!G25:G30='Léna 1'!K25:K30)*1)+SUMPRODUCT(('Léna 1'!G34:G39='Léna 1'!K34:K39)*1)+SUMPRODUCT(('Léna 1'!G43:G48='Léna 1'!K43:K48)*1)+SUMPRODUCT(('Léna 1'!G52:G57='Léna 1'!K52:K57)*1)+SUMPRODUCT(('Léna 1'!G61:G66='Léna 1'!K61:K66)*1)+SUMPRODUCT(('Léna 1'!G70:G75='Léna 1'!K70:K75)*1)+SUMPRODUCT(('Léna 1'!G79:G84='Léna 1'!K79:K84)*1)+SUMPRODUCT(('Léna 1'!G88:G93='Léna 1'!K88:K93)*1)+SUMPRODUCT(('Léna 1'!G97:G102='Léna 1'!K97:K102)*1)+SUMPRODUCT(('Léna 1'!G106:G111='Léna 1'!K106:K111)*1) -> 1 | E15: =SUM('Léna 1'!M:M)+Y83 -> 175 | F15: =RANK(E15,E:E,0) -> 8
B16: Goyt | C16: =SUMPRODUCT(('Goyt 1'!F7:F12='Goyt 1'!J7:J12)*1)+SUMPRODUCT(('Goyt 1'!F16:F21='Goyt 1'!J16:J21)*1)+SUMPRODUCT(('Goyt 1'!F25:F30='Goyt 1'!J25:J30)*1)+SUMPRODUCT(('Goyt 1'!F34:F39='Goyt 1'!J34:J39)*1)+SUMPRODUCT(('Goyt 1'!F43:F48='Goyt 1'!J43:J48)*1)+SUMPRODUCT(('Goyt 1'!F52:F57='Goyt 1'!J52:J57)*1)+SUMPRODUCT(('Goyt 1'!F61:F66='Goyt 1'!J61:J66)*1)+SUMPRODUCT(('Goyt 1'!F70:F75='Goyt 1'!J70:J75)*1)+SUMPRODUCT(('Goyt 1'!F79:F84='Goyt 1'!J79:J84)*1)+SUMPRODUCT(('Goyt 1'!F88:F93='Goyt 1'!J88:J93)*1)+SUMPRODUCT(('Goyt 1'!F97:F102='Goyt 1'!J97:J102)*1)+SUMPRODUCT(('Goyt 1'!F106:F111='Goyt 1'!J106:J111)*1) -> 3 | D16: =SUMPRODUCT(('Goyt 1'!G7:G12='Goyt 1'!K7:K12)*1)+SUMPRODUCT(('Goyt 1'!G16:G21='Goyt 1'!K16:K21)*1)+SUMPRODUCT(('Goyt 1'!G25:G30='Goyt 1'!K25:K30)*1)+SUMPRODUCT(('Goyt 1'!G34:G39='Goyt 1'!K34:K39)*1)+SUMPRODUCT(('Goyt 1'!G43:G48='Goyt 1'!K43:K48)*1)+SUMPRODUCT(('Goyt 1'!G52:G57='Goyt 1'!K52:K57)*1)+SUMPRODUCT(('Goyt 1'!G61:G66='Goyt 1'!K61:K66)*1)+SUMPRODUCT(('Goyt 1'!G70:G75='Goyt 1'!K70:K75)*1)+SUMPRODUCT(('Goyt 1'!G79:G84='Goyt 1'!K79:K84)*1)+SUMPRODUCT(('Goyt 1'!G88:G93='Goyt 1'!K88:K93)*1)+SUMPRODUCT(('Goyt 1'!G97:G102='Goyt 1'!K97:K102)*1)+SUMPRODUCT(('Goyt 1'!G106:G111='Goyt 1'!K106:K111)*1) -> 0 | E16: =SUM('Goyt 1'!M:M)+Y84 -> 200 | F16: =RANK(E16,E:E,0) -> 5
B17: Noé | C17: =SUMPRODUCT(('Noe 1'!F7:F12='Noe 1'!J7:J12)*1)+SUMPRODUCT(('Noe 1'!F16:F21='Noe 1'!J16:J21)*1)+SUMPRODUCT(('Noe 1'!F25:F30='Noe 1'!J25:J30)*1)+SUMPRODUCT(('Noe 1'!F34:F39='Noe 1'!J34:J39)*1)+SUMPRODUCT(('Noe 1'!F43:F48='Noe 1'!J43:J48)*1)+SUMPRODUCT(('Noe 1'!F52:F57='Noe 1'!J52:J57)*1)+SUMPRODUCT(('Noe 1'!F61:F66='Noe 1'!J61:J66)*1)+SUMPRODUCT(('Noe 1'!F70:F75='Noe 1'!J70:J75)*1)+SUMPRODUCT(('Noe 1'!F79:F84='Noe 1'!J79:J84)*1)+SUMPRODUCT(('Noe 1'!F88:F93='Noe 1'!J88:J93)*1)+SUMPRODUCT(('Noe 1'!F97:F102='Noe 1'!J97:J102)*1)+SUMPRODUCT(('Noe 1'!F106:F111='Noe 1'!J106:J111)*1) -> 2 | D17: =SUMPRODUCT(('Noe 1'!G7:G12='Noe 1'!K7:K12)*1)+SUMPRODUCT(('Noe 1'!G16:G21='Noe 1'!K16:K21)*1)+SUMPRODUCT(('Noe 1'!G25:G30='Noe 1'!K25:K30)*1)+SUMPRODUCT(('Noe 1'!G34:G39='Noe 1'!K34:K39)*1)+SUMPRODUCT(('Noe 1'!G43:G48='Noe 1'!K43:K48)*1)+SUMPRODUCT(('Noe 1'!G52:G57='Noe 1'!K52:K57)*1)+SUMPRODUCT(('Noe 1'!G61:G66='Noe 1'!K61:K66)*1)+SUMPRODUCT(('Noe 1'!G70:G75='Noe 1'!K70:K75)*1)+SUMPRODUCT(('Noe 1'!G79:G84='Noe 1'!K79:K84)*1)+SUMPRODUCT(('Noe 1'!G88:G93='Noe 1'!K88:K93)*1)+SUMPRODUCT(('Noe 1'!G97:G102='Noe 1'!K97:K102)*1)+SUMPRODUCT(('Noe 1'!G106:G111='Noe 1'!K106:K111)*1) -> 1 | E17: =SUM('Noe 1'!M:M)+Y85 -> 200 | F17: =RANK(E17,E:E,0) -> 5
B18: Clara | C18: =SUMPRODUCT(('Clara 1'!F7:F12='Clara 1'!J7:J12)*1)+SUMPRODUCT(('Clara 1'!F16:F21='Clara 1'!J16:J21)*1)+SUMPRODUCT(('Clara 1'!F25:F30='Clara 1'!J25:J30)*1)+SUMPRODUCT(('Clara 1'!F34:F39='Clara 1'!J34:J39)*1)+SUMPRODUCT(('Clara 1'!F43:F48='Clara 1'!J43:J48)*1)+SUMPRODUCT(('Clara 1'!F52:F57='Clara 1'!J52:J57)*1)+SUMPRODUCT(('Clara 1'!F61:F66='Clara 1'!J61:J66)*1)+SUMPRODUCT(('Clara 1'!F70:F75='Clara 1'!J70:J75)*1)+SUMPRODUCT(('Clara 1'!F79:F84='Clara 1'!J79:J84)*1)+SUMPRODUCT(('Clara 1'!F88:F93='Clara 1'!J88:J93)*1)+SUMPRODUCT(('Clara 1'!F97:F102='Clara 1'!J97:J102)*1)+SUMPRODUCT(('Clara 1'!F106:F111='Clara 1'!J106:J111)*1) -> 2 | D18: =SUMPRODUCT(('Clara 1'!G7:G12='Clara 1'!K7:K12)*1)+SUMPRODUCT(('Clara 1'!G16:G21='Clara 1'!K16:K21)*1)+SUMPRODUCT(('Clara 1'!G25:G30='Clara 1'!K25:K30)*1)+SUMPRODUCT(('Clara 1'!G34:G39='Clara 1'!K34:K39)*1)+SUMPRODUCT(('Clara 1'!G43:G48='Clara 1'!K43:K48)*1)+SUMPRODUCT(('Clara 1'!G52:G57='Clara 1'!K52:K57)*1)+SUMPRODUCT(('Clara 1'!G61:G66='Clara 1'!K61:K66)*1)+SUMPRODUCT(('Clara 1'!G70:G75='Clara 1'!K70:K75)*1)+SUMPRODUCT(('Clara 1'!G79:G84='Clara 1'!K79:K84)*1)+SUMPRODUCT(('Clara 1'!G88:G93='Clara 1'!K88:K93)*1)+SUMPRODUCT(('Clara 1'!G97:G102='Clara 1'!K97:K102)*1)+SUMPRODUCT(('Clara 1'!G106:G111='Clara 1'!K106:K111)*1) -> 1 | E18: =SUM('Clara 1'!M:M)+Y86 -> 125 | F18: =RANK(E18,E:E,0) -> 13
B19: Erwan | C19: =SUMPRODUCT(('Erwan 1'!F7:F12='Erwan 1'!J7:J12)*1)+SUMPRODUCT(('Erwan 1'!F16:F21='Erwan 1'!J16:J21)*1)+SUMPRODUCT(('Erwan 1'!F25:F30='Erwan 1'!J25:J30)*1)+SUMPRODUCT(('Erwan 1'!F34:F39='Erwan 1'!J34:J39)*1)+SUMPRODUCT(('Erwan 1'!F43:F48='Erwan 1'!J43:J48)*1)+SUMPRODUCT(('Erwan 1'!F52:F57='Erwan 1'!J52:J57)*1)+SUMPRODUCT(('Erwan 1'!F61:F66='Erwan 1'!J61:J66)*1)+SUMPRODUCT(('Erwan 1'!F70:F75='Erwan 1'!J70:J75)*1)+SUMPRODUCT(('Erwan 1'!F79:F84='Erwan 1'!J79:J84)*1)+SUMPRODUCT(('Erwan 1'!F88:F93='Erwan 1'!J88:J93)*1)+SUMPRODUCT(('Erwan 1'!F97:F102='Erwan 1'!J97:J102)*1)+SUMPRODUCT(('Erwan 1'!F106:F111='Erwan 1'!J106:J111)*1) -> 2 | D19: =SUMPRODUCT(('Erwan 1'!G7:G12='Erwan 1'!K7:K12)*1)+SUMPRODUCT(('Erwan 1'!G16:G21='Erwan 1'!K16:K21)*1)+SUMPRODUCT(('Erwan 1'!G25:G30='Erwan 1'!K25:K30)*1)+SUMPRODUCT(('Erwan 1'!G34:G39='Erwan 1'!K34:K39)*1)+SUMPRODUCT(('Erwan 1'!G43:G48='Erwan 1'!K43:K48)*1)+SUMPRODUCT(('Erwan 1'!G52:G57='Erwan 1'!K52:K57)*1)+SUMPRODUCT(('Erwan 1'!G61:G66='Erwan 1'!K61:K66)*1)+SUMPRODUCT(('Erwan 1'!G70:G75='Erwan 1'!K70:K75)*1)+SUMPRODUCT(('Erwan 1'!G79:G84='Erwan 1'!K79:K84)*1)+SUMPRODUCT(('Erwan 1'!G88:G93='Erwan 1'!K88:K93)*1)+SUMPRODUCT(('Erwan 1'!G97:G102='Erwan 1'!K97:K102)*1)+SUMPRODUCT(('Erwan 1'!G106:G111='Erwan 1'!K106:K111)*1) -> 0 | E19: =SUM('Erwan 1'!M:M)+Y87 -> 100 | F19: =RANK(E19,E:E,0) -> 17
B20: Micka | C20: =SUMPRODUCT(('Micka 1'!F7:F12='Micka 1'!J7:J12)*1)+SUMPRODUCT(('Micka 1'!F16:F21='Micka 1'!J16:J21)*1)+SUMPRODUCT(('Micka 1'!F25:F30='Micka 1'!J25:J30)*1)+SUMPRODUCT(('Micka 1'!F34:F39='Micka 1'!J34:J39)*1)+SUMPRODUCT(('Micka 1'!F43:F48='Micka 1'!J43:J48)*1)+SUMPRODUCT(('Micka 1'!F52:F57='Micka 1'!J52:J57)*1)+SUMPRODUCT(('Micka 1'!F61:F66='Micka 1'!J61:J66)*1)+SUMPRODUCT(('Micka 1'!F70:F75='Micka 1'!J70:J75)*1)+SUMPRODUCT(('Micka 1'!F79:F84='Micka 1'!J79:J84)*1)+SUMPRODUCT(('Micka 1'!F88:F93='Micka 1'!J88:J93)*1)+SUMPRODUCT(('Micka 1'!F97:F102='Micka 1'!J97:J102)*1)+SUMPRODUCT(('Micka 1'!F106:F111='Micka 1'!J106:J111)*1) -> 2 | D20: =SUMPRODUCT(('Micka 1'!G7:G12='Micka 1'!K7:K12)*1)+SUMPRODUCT(('Micka 1'!G16:G21='Micka 1'!K16:K21)*1)+SUMPRODUCT(('Micka 1'!G25:G30='Micka 1'!K25:K30)*1)+SUMPRODUCT(('Micka 1'!G34:G39='Micka 1'!K34:K39)*1)+SUMPRODUCT(('Micka 1'!G43:G48='Micka 1'!K43:K48)*1)+SUMPRODUCT(('Micka 1'!G52:G57='Micka 1'!K52:K57)*1)+SUMPRODUCT(('Micka 1'!G61:G66='Micka 1'!K61:K66)*1)+SUMPRODUCT(('Micka 1'!G70:G75='Micka 1'!K70:K75)*1)+SUMPRODUCT(('Micka 1'!G79:G84='Micka 1'!K79:K84)*1)+SUMPRODUCT(('Micka 1'!G88:G93='Micka 1'!K88:K93)*1)+SUMPRODUCT(('Micka 1'!G97:G102='Micka 1'!K97:K102)*1)+SUMPRODUCT(('Micka 1'!G106:G111='Micka 1'!K106:K111)*1) -> 0 | E20: =SUM('Micka 1'!M:M)+Y88 -> 100 | F20: =RANK(E20,E:E,0) -> 17
B21: Greg | C21: =SUMPRODUCT(('Greg 1'!F7:F12='Greg 1'!J7:J12)*1)+SUMPRODUCT(('Greg 1'!F16:F21='Greg 1'!J16:J21)*1)+SUMPRODUCT(('Greg 1'!F25:F30='Greg 1'!J25:J30)*1)+SUMPRODUCT(('Greg 1'!F34:F39='Greg 1'!J34:J39)*1)+SUMPRODUCT(('Greg 1'!F43:F48='Greg 1'!J43:J48)*1)+SUMPRODUCT(('Greg 1'!F52:F57='Greg 1'!J52:J57)*1)+SUMPRODUCT(('Greg 1'!F61:F66='Greg 1'!J61:J66)*1)+SUMPRODUCT(('Greg 1'!F70:F75='Greg 1'!J70:J75)*1)+SUMPRODUCT(('Greg 1'!F79:F84='Greg 1'!J79:J84)*1)+SUMPRODUCT(('Greg 1'!F88:F93='Greg 1'!J88:J93)*1)+SUMPRODUCT(('Greg 1'!F97:F102='Greg 1'!J97:J102)*1)+SUMPRODUCT(('Greg 1'!F106:F111='Greg 1'!J106:J111)*1) -> 2 | D21: =SUMPRODUCT(('Greg 1'!G7:G12='Greg 1'!K7:K12)*1)+SUMPRODUCT(('Greg 1'!G16:G21='Greg 1'!K16:K21)*1)+SUMPRODUCT(('Greg 1'!G25:G30='Greg 1'!K25:K30)*1)+SUMPRODUCT(('Greg 1'!G34:G39='Greg 1'!K34:K39)*1)+SUMPRODUCT(('Greg 1'!G43:G48='Greg 1'!K43:K48)*1)+SUMPRODUCT(('Greg 1'!G52:G57='Greg 1'!K52:K57)*1)+SUMPRODUCT(('Greg 1'!G61:G66='Greg 1'!K61:K66)*1)+SUMPRODUCT(('Greg 1'!G70:G75='Greg 1'!K70:K75)*1)+SUMPRODUCT(('Greg 1'!G79:G84='Greg 1'!K79:K84)*1)+SUMPRODUCT(('Greg 1'!G88:G93='Greg 1'!K88:K93)*1)+SUMPRODUCT(('Greg 1'!G97:G102='Greg 1'!K97:K102)*1)+SUMPRODUCT(('Greg 1'!G106:G111='Greg 1'!K106:K111)*1) -> 0 | E21: =SUM('Greg 1'!M:M)+Y89 -> 50 | F21: =RANK(E21,E:E,0) -> 27
B22: Kalash | C22: =SUMPRODUCT(('Kalash 1'!F7:F12='Kalash 1'!J7:J12)*1)+SUMPRODUCT(('Kalash 1'!F16:F21='Kalash 1'!J16:J21)*1)+SUMPRODUCT(('Kalash 1'!F25:F30='Kalash 1'!J25:J30)*1)+SUMPRODUCT(('Kalash 1'!F34:F39='Kalash 1'!J34:J39)*1)+SUMPRODUCT(('Kalash 1'!F43:F48='Kalash 1'!J43:J48)*1)+SUMPRODUCT(('Kalash 1'!F52:F57='Kalash 1'!J52:J57)*1)+SUMPRODUCT(('Kalash 1'!F61:F66='Kalash 1'!J61:J66)*1)+SUMPRODUCT(('Kalash 1'!F70:F75='Kalash 1'!J70:J75)*1)+SUMPRODUCT(('Kalash 1'!F79:F84='Kalash 1'!J79:J84)*1)+SUMPRODUCT(('Kalash 1'!F88:F93='Kalash 1'!J88:J93)*1)+SUMPRODUCT(('Kalash 1'!F97:F102='Kalash 1'!J97:J102)*1)+SUMPRODUCT(('Kalash 1'!F106:F111='Kalash 1'!J106:J111)*1) -> 0 | D22: =SUMPRODUCT(('Kalash 1'!G7:G12='Kalash 1'!K7:K12)*1)+SUMPRODUCT(('Kalash 1'!G16:G21='Kalash 1'!K16:K21)*1)+SUMPRODUCT(('Kalash 1'!G25:G30='Kalash 1'!K25:K30)*1)+SUMPRODUCT(('Kalash 1'!G34:G39='Kalash 1'!K34:K39)*1)+SUMPRODUCT(('Kalash 1'!G43:G48='Kalash 1'!K43:K48)*1)+SUMPRODUCT(('Kalash 1'!G52:G57='Kalash 1'!K52:K57)*1)+SUMPRODUCT(('Kalash 1'!G61:G66='Kalash 1'!K61:K66)*1)+SUMPRODUCT(('Kalash 1'!G70:G75='Kalash 1'!K70:K75)*1)+SUMPRODUCT(('Kalash 1'!G79:G84='Kalash 1'!K79:K84)*1)+SUMPRODUCT(('Kalash 1'!G88:G93='Kalash 1'!K88:K93)*1)+SUMPRODUCT(('Kalash 1'!G97:G102='Kalash 1'!K97:K102)*1)+SUMPRODUCT(('Kalash 1'!G106:G111='Kalash 1'!K106:K111)*1) -> 0 | E22: =SUM('Kalash 1'!M:M)+Y90 -> 0 | F22: =RANK(E22,E:E,0) -> 51
B23: Jess | C23: =SUMPRODUCT(('Jess 1'!F7:F12='Jess 1'!J7:J12)*1)+SUMPRODUCT(('Jess 1'!F16:F21='Jess 1'!J16:J21)*1)+SUMPRODUCT(('Jess 1'!F25:F30='Jess 1'!J25:J30)*1)+SUMPRODUCT(('Jess 1'!F34:F39='Jess 1'!J34:J39)*1)+SUMPRODUCT(('Jess 1'!F43:F48='Jess 1'!J43:J48)*1)+SUMPRODUCT(('Jess 1'!F52:F57='Jess 1'!J52:J57)*1)+SUMPRODUCT(('Jess 1'!F61:F66='Jess 1'!J61:J66)*1)+SUMPRODUCT(('Jess 1'!F70:F75='Jess 1'!J70:J75)*1)+SUMPRODUCT(('Jess 1'!F79:F84='Jess 1'!J79:J84)*1)+SUMPRODUCT(('Jess 1'!F88:F93='Jess 1'!J88:J93)*1)+SUMPRODUCT(('Jess 1'!F97:F102='Jess 1'!J97:J102)*1)+SUMPRODUCT(('Jess 1'!F106:F111='Jess 1'!J106:J111)*1) -> 3 | D23: =SUMPRODUCT(('Jess 1'!G7:G12='Jess 1'!K7:K12)*1)+SUMPRODUCT(('Jess 1'!G16:G21='Jess 1'!K16:K21)*1)+SUMPRODUCT(('Jess 1'!G25:G30='Jess 1'!K25:K30)*1)+SUMPRODUCT(('Jess 1'!G34:G39='Jess 1'!K34:K39)*1)+SUMPRODUCT(('Jess 1'!G43:G48='Jess 1'!K43:K48)*1)+SUMPRODUCT(('Jess 1'!G52:G57='Jess 1'!K52:K57)*1)+SUMPRODUCT(('Jess 1'!G61:G66='Jess 1'!K61:K66)*1)+SUMPRODUCT(('Jess 1'!G70:G75='Jess 1'!K70:K75)*1)+SUMPRODUCT(('Jess 1'!G79:G84='Jess 1'!K79:K84)*1)+SUMPRODUCT(('Jess 1'!G88:G93='Jess 1'!K88:K93)*1)+SUMPRODUCT(('Jess 1'!G97:G102='Jess 1'!K97:K102)*1)+SUMPRODUCT(('Jess 1'!G106:G111='Jess 1'!K106:K111)*1) -> 1 | E23: =SUM('Jess 1'!M:M)+Y91 -> 260 | F23: =RANK(E23,E:E,0) -> 2
B24: Steph | C24: =SUMPRODUCT(('Steph 1'!F7:F12='Steph 1'!J7:J12)*1)+SUMPRODUCT(('Steph 1'!F16:F21='Steph 1'!J16:J21)*1)+SUMPRODUCT(('Steph 1'!F25:F30='Steph 1'!J25:J30)*1)+SUMPRODUCT(('Steph 1'!F34:F39='Steph 1'!J34:J39)*1)+SUMPRODUCT(('Steph 1'!F43:F48='Steph 1'!J43:J48)*1)+SUMPRODUCT(('Steph 1'!F52:F57='Steph 1'!J52:J57)*1)+SUMPRODUCT(('Steph 1'!F61:F66='Steph 1'!J61:J66)*1)+SUMPRODUCT(('Steph 1'!F70:F75='Steph 1'!J70:J75)*1)+SUMPRODUCT(('Steph 1'!F79:F84='Steph 1'!J79:J84)*1)+SUMPRODUCT(('Steph 1'!F88:F93='Steph 1'!J88:J93)*1)+SUMPRODUCT(('Steph 1'!F97:F102='Steph 1'!J97:J102)*1)+SUMPRODUCT(('Steph 1'!F106:F111='Steph 1'!J106:J111)*1) -> 2 | D24: =SUMPRODUCT(('Steph 1'!G7:G12='Steph 1'!K7:K12)*1)+SUMPRODUCT(('Steph 1'!G16:G21='Steph 1'!K16:K21)*1)+SUMPRODUCT(('Steph 1'!G25:G30='Steph 1'!K25:K30)*1)+SUMPRODUCT(('Steph 1'!G34:G39='Steph 1'!K34:K39)*1)+SUMPRODUCT(('Steph 1'!G43:G48='Steph 1'!K43:K48)*1)+SUMPRODUCT(('Steph 1'!G52:G57='Steph 1'!K52:K57)*1)+SUMPRODUCT(('Steph 1'!G61:G66='Steph 1'!K61:K66)*1)+SUMPRODUCT(('Steph 1'!G70:G75='Steph 1'!K70:K75)*1)+SUMPRODUCT(('Steph 1'!G79:G84='Steph 1'!K79:K84)*1)+SUMPRODUCT(('Steph 1'!G88:G93='Steph 1'!K88:K93)*1)+SUMPRODUCT(('Steph 1'!G97:G102='Steph 1'!K97:K102)*1)+SUMPRODUCT(('Steph 1'!G106:G111='Steph 1'!K106:K111)*1) -> 1 | E24: =SUM('Steph 1'!M:M)+Y92 -> 175 | F24: =RANK(E24,E:E,0) -> 8
B25: Chloé | C25: =SUMPRODUCT(('Chloé 1'!F7:F12='Chloé 1'!J7:J12)*1)+SUMPRODUCT(('Chloé 1'!F16:F21='Chloé 1'!J16:J21)*1)+SUMPRODUCT(('Chloé 1'!F25:F30='Chloé 1'!J25:J30)*1)+SUMPRODUCT(('Chloé 1'!F34:F39='Chloé 1'!J34:J39)*1)+SUMPRODUCT(('Chloé 1'!F43:F48='Chloé 1'!J43:J48)*1)+SUMPRODUCT(('Chloé 1'!F52:F57='Chloé 1'!J52:J57)*1)+SUMPRODUCT(('Chloé 1'!F61:F66='Chloé 1'!J61:J66)*1)+SUMPRODUCT(('Chloé 1'!F70:F75='Chloé 1'!J70:J75)*1)+SUMPRODUCT(('Chloé 1'!F79:F84='Chloé 1'!J79:J84)*1)+SUMPRODUCT(('Chloé 1'!F88:F93='Chloé 1'!J88:J93)*1)+SUMPRODUCT(('Chloé 1'!F97:F102='Chloé 1'!J97:J102)*1)+SUMPRODUCT(('Chloé 1'!F106:F111='Chloé 1'!J106:J111)*1) -> 2 | D25: =SUMPRODUCT(('Chloé 1'!G7:G12='Chloé 1'!K7:K12)*1)+SUMPRODUCT(('Chloé 1'!G16:G21='Chloé 1'!K16:K21)*1)+SUMPRODUCT(('Chloé 1'!G25:G30='Chloé 1'!K25:K30)*1)+SUMPRODUCT(('Chloé 1'!G34:G39='Chloé 1'!K34:K39)*1)+SUMPRODUCT(('Chloé 1'!G43:G48='Chloé 1'!K43:K48)*1)+SUMPRODUCT(('Chloé 1'!G52:G57='Chloé 1'!K52:K57)*1)+SUMPRODUCT(('Chloé 1'!G61:G66='Chloé 1'!K61:K66)*1)+SUMPRODUCT(('Chloé 1'!G70:G75='Chloé 1'!K70:K75)*1)+SUMPRODUCT(('Chloé 1'!G79:G84='Chloé 1'!K79:K84)*1)+SUMPRODUCT(('Chloé 1'!G88:G93='Chloé 1'!K88:K93)*1)+SUMPRODUCT(('Chloé 1'!G97:G102='Chloé 1'!K97:K102)*1)+SUMPRODUCT(('Chloé 1'!G106:G111='Chloé 1'!K106:K111)*1) -> 0 | E25: =SUM('Chloé 1'!M:M)+Y93 -> 125 | F25: =RANK(E25,E:E,0) -> 13
B26: Mathys | C26: =SUMPRODUCT(('Mathys 1'!F7:F12='Mathys 1'!J7:J12)*1)+SUMPRODUCT(('Mathys 1'!F16:F21='Mathys 1'!J16:J21)*1)+SUMPRODUCT(('Mathys 1'!F25:F30='Mathys 1'!J25:J30)*1)+SUMPRODUCT(('Mathys 1'!F34:F39='Mathys 1'!J34:J39)*1)+SUMPRODUCT(('Mathys 1'!F43:F48='Mathys 1'!J43:J48)*1)+SUMPRODUCT(('Mathys 1'!F52:F57='Mathys 1'!J52:J57)*1)+SUMPRODUCT(('Mathys 1'!F61:F66='Mathys 1'!J61:J66)*1)+SUMPRODUCT(('Mathys 1'!F70:F75='Mathys 1'!J70:J75)*1)+SUMPRODUCT(('Mathys 1'!F79:F84='Mathys 1'!J79:J84)*1)+SUMPRODUCT(('Mathys 1'!F88:F93='Mathys 1'!J88:J93)*1)+SUMPRODUCT(('Mathys 1'!F97:F102='Mathys 1'!J97:J102)*1)+SUMPRODUCT(('Mathys 1'!F106:F111='Mathys 1'!J106:J111)*1) -> 2 | D26: =SUMPRODUCT(('Mathys 1'!G7:G12='Mathys 1'!K7:K12)*1)+SUMPRODUCT(('Mathys 1'!G16:G21='Mathys 1'!K16:K21)*1)+SUMPRODUCT(('Mathys 1'!G25:G30='Mathys 1'!K25:K30)*1)+SUMPRODUCT(('Mathys 1'!G34:G39='Mathys 1'!K34:K39)*1)+SUMPRODUCT(('Mathys 1'!G43:G48='Mathys 1'!K43:K48)*1)+SUMPRODUCT(('Mathys 1'!G52:G57='Mathys 1'!K52:K57)*1)+SUMPRODUCT(('Mathys 1'!G61:G66='Mathys 1'!K61:K66)*1)+SUMPRODUCT(('Mathys 1'!G70:G75='Mathys 1'!K70:K75)*1)+SUMPRODUCT(('Mathys 1'!G79:G84='Mathys 1'!K79:K84)*1)+SUMPRODUCT(('Mathys 1'!G88:G93='Mathys 1'!K88:K93)*1)+SUMPRODUCT(('Mathys 1'!G97:G102='Mathys 1'!K97:K102)*1)+SUMPRODUCT(('Mathys 1'!G106:G111='Mathys 1'!K106:K111)*1) -> 1 | E26: =SUM('Mathys 1'!M:M)+Y94 -> 75 | F26: =RANK(E26,E:E,0) -> 22
B27: Aymeric | C27: =SUMPRODUCT(('Aymeric 1'!F7:F12='Aymeric 1'!J7:J12)*1)+SUMPRODUCT(('Aymeric 1'!F16:F21='Aymeric 1'!J16:J21)*1)+SUMPRODUCT(('Aymeric 1'!F25:F30='Aymeric 1'!J25:J30)*1)+SUMPRODUCT(('Aymeric 1'!F34:F39='Aymeric 1'!J34:J39)*1)+SUMPRODUCT(('Aymeric 1'!F43:F48='Aymeric 1'!J43:J48)*1)+SUMPRODUCT(('Aymeric 1'!F52:F57='Aymeric 1'!J52:J57)*1)+SUMPRODUCT(('Aymeric 1'!F61:F66='Aymeric 1'!J61:J66)*1)+SUMPRODUCT(('Aymeric 1'!F70:F75='Aymeric 1'!J70:J75)*1)+SUMPRODUCT(('Aymeric 1'!F79:F84='Aymeric 1'!J79:J84)*1)+SUMPRODUCT(('Aymeric 1'!F88:F93='Aymeric 1'!J88:J93)*1)+SUMPRODUCT(('Aymeric 1'!F97:F102='Aymeric 1'!J97:J102)*1)+SUMPRODUCT(('Aymeric 1'!F106:F111='Aymeric 1'!J106:J111)*1) -> 3 | D27: =SUMPRODUCT(('Aymeric 1'!G7:G12='Aymeric 1'!K7:K12)*1)+SUMPRODUCT(('Aymeric 1'!G16:G21='Aymeric 1'!K16:K21)*1)+SUMPRODUCT(('Aymeric 1'!G25:G30='Aymeric 1'!K25:K30)*1)+SUMPRODUCT(('Aymeric 1'!G34:G39='Aymeric 1'!K34:K39)*1)+SUMPRODUCT(('Aymeric 1'!G43:G48='Aymeric 1'!K43:K48)*1)+SUMPRODUCT(('Aymeric 1'!G52:G57='Aymeric 1'!K52:K57)*1)+SUMPRODUCT(('Aymeric 1'!G61:G66='Aymeric 1'!K61:K66)*1)+SUMPRODUCT(('Aymeric 1'!G70:G75='Aymeric 1'!K70:K75)*1)+SUMPRODUCT(('Aymeric 1'!G79:G84='Aymeric 1'!K79:K84)*1)+SUMPRODUCT(('Aymeric 1'!G88:G93='Aymeric 1'!K88:K93)*1)+SUMPRODUCT(('Aymeric 1'!G97:G102='Aymeric 1'!K97:K102)*1)+SUMPRODUCT(('Aymeric 1'!G106:G111='Aymeric 1'!K106:K111)*1) -> 1 | E27: =SUM('Aymeric 1'!M:M)+Y95 -> 225 | F27: =RANK(E27,E:E,0) -> 4
B28: Shervan | C28: =SUMPRODUCT(('Shervan 1'!F7:F12='Shervan 1'!J7:J12)*1)+SUMPRODUCT(('Shervan 1'!F16:F21='Shervan 1'!J16:J21)*1)+SUMPRODUCT(('Shervan 1'!F25:F30='Shervan 1'!J25:J30)*1)+SUMPRODUCT(('Shervan 1'!F34:F39='Shervan 1'!J34:J39)*1)+SUMPRODUCT(('Shervan 1'!F43:F48='Shervan 1'!J43:J48)*1)+SUMPRODUCT(('Shervan 1'!F52:F57='Shervan 1'!J52:J57)*1)+SUMPRODUCT(('Shervan 1'!F61:F66='Shervan 1'!J61:J66)*1)+SUMPRODUCT(('Shervan 1'!F70:F75='Shervan 1'!J70:J75)*1)+SUMPRODUCT(('Shervan 1'!F79:F84='Shervan 1'!J79:J84)*1)+SUMPRODUCT(('Shervan 1'!F88:F93='Shervan 1'!J88:J93)*1)+SUMPRODUCT(('Shervan 1'!F97:F102='Shervan 1'!J97:J102)*1)+SUMPRODUCT(('Shervan 1'!F106:F111='Shervan 1'!J106:J111)*1) -> 0 | D28: =SUMPRODUCT(('Shervan 1'!G7:G12='Shervan 1'!K7:K12)*1)+SUMPRODUCT(('Shervan 1'!G16:G21='Shervan 1'!K16:K21)*1)+SUMPRODUCT(('Shervan 1'!G25:G30='Shervan 1'!K25:K30)*1)+SUMPRODUCT(('Shervan 1'!G34:G39='Shervan 1'!K34:K39)*1)+SUMPRODUCT(('Shervan 1'!G43:G48='Shervan 1'!K43:K48)*1)+SUMPRODUCT(('Shervan 1'!G52:G57='Shervan 1'!K52:K57)*1)+SUMPRODUCT(('Shervan 1'!G61:G66='Shervan 1'!K61:K66)*1)+SUMPRODUCT(('Shervan 1'!G70:G75='Shervan 1'!K70:K75)*1)+SUMPRODUCT(('Shervan 1'!G79:G84='Shervan 1'!K79:K84)*1)+SUMPRODUCT(('Shervan 1'!G88:G93='Shervan 1'!K88:K93)*1)+SUMPRODUCT(('Shervan 1'!G97:G102='Shervan 1'!K97:K102)*1)+SUMPRODUCT(('Shervan 1'!G106:G111='Shervan 1'!K106:K111)*1) -> 0 | E28: =SUM('Shervan 1'!M:M)+Y96 -> 0 | F28: =RANK(E28,E:E,0) -> 51
B29: Nikola | C29: =SUMPRODUCT(('Nikola 1'!F7:F12='Nikola 1'!J7:J12)*1)+SUMPRODUCT(('Nikola 1'!F16:F21='Nikola 1'!J16:J21)*1)+SUMPRODUCT(('Nikola 1'!F25:F30='Nikola 1'!J25:J30)*1)+SUMPRODUCT(('Nikola 1'!F34:F39='Nikola 1'!J34:J39)*1)+SUMPRODUCT(('Nikola 1'!F43:F48='Nikola 1'!J43:J48)*1)+SUMPRODUCT(('Nikola 1'!F52:F57='Nikola 1'!J52:J57)*1)+SUMPRODUCT(('Nikola 1'!F61:F66='Nikola 1'!J61:J66)*1)+SUMPRODUCT(('Nikola 1'!F70:F75='Nikola 1'!J70:J75)*1)+SUMPRODUCT(('Nikola 1'!F79:F84='Nikola 1'!J79:J84)*1)+SUMPRODUCT(('Nikola 1'!F88:F93='Nikola 1'!J88:J93)*1)+SUMPRODUCT(('Nikola 1'!F97:F102='Nikola 1'!J97:J102)*1)+SUMPRODUCT(('Nikola 1'!F106:F111='Nikola 1'!J106:J111)*1) -> 2 | D29: =SUMPRODUCT(('Nikola 1'!G7:G12='Nikola 1'!K7:K12)*1)+SUMPRODUCT(('Nikola 1'!G16:G21='Nikola 1'!K16:K21)*1)+SUMPRODUCT(('Nikola 1'!G25:G30='Nikola 1'!K25:K30)*1)+SUMPRODUCT(('Nikola 1'!G34:G39='Nikola 1'!K34:K39)*1)+SUMPRODUCT(('Nikola 1'!G43:G48='Nikola 1'!K43:K48)*1)+SUMPRODUCT(('Nikola 1'!G52:G57='Nikola 1'!K52:K57)*1)+SUMPRODUCT(('Nikola 1'!G61:G66='Nikola 1'!K61:K66)*1)+SUMPRODUCT(('Nikola 1'!G70:G75='Nikola 1'!K70:K75)*1)+SUMPRODUCT(('Nikola 1'!G79:G84='Nikola 1'!K79:K84)*1)+SUMPRODUCT(('Nikola 1'!G88:G93='Nikola 1'!K88:K93)*1)+SUMPRODUCT(('Nikola 1'!G97:G102='Nikola 1'!K97:K102)*1)+SUMPRODUCT(('Nikola 1'!G106:G111='Nikola 1'!K106:K111)*1) -> 0 | E29: =SUM('Nikola 1'!M:M)+Y97 -> 50 | F29: =RANK(E29,E:E,0) -> 27
B30: Hugo O. | C30: =SUMPRODUCT(('Hugo.O 1'!F7:F12='Hugo.O 1'!J7:J12)*1)+SUMPRODUCT(('Hugo.O 1'!F16:F21='Hugo.O 1'!J16:J21)*1)+SUMPRODUCT(('Hugo.O 1'!F25:F30='Hugo.O 1'!J25:J30)*1)+SUMPRODUCT(('Hugo.O 1'!F34:F39='Hugo.O 1'!J34:J39)*1)+SUMPRODUCT(('Hugo.O 1'!F43:F48='Hugo.O 1'!J43:J48)*1)+SUMPRODUCT(('Hugo.O 1'!F52:F57='Hugo.O 1'!J52:J57)*1)+SUMPRODUCT(('Hugo.O 1'!F61:F66='Hugo.O 1'!J61:J66)*1)+SUMPRODUCT(('Hugo.O 1'!F70:F75='Hugo.O 1'!J70:J75)*1)+SUMPRODUCT(('Hugo.O 1'!F79:F84='Hugo.O 1'!J79:J84)*1)+SUMPRODUCT(('Hugo.O 1'!F88:F93='Hugo.O 1'!J88:J93)*1)+SUMPRODUCT(('Hugo.O 1'!F97:F102='Hugo.O 1'!J97:J102)*1)+SUMPRODUCT(('Hugo.O 1'!F106:F111='Hugo.O 1'!J106:J111)*1) -> 2 | D30: =SUMPRODUCT(('Hugo.O 1'!G7:G12='Hugo.O 1'!K7:K12)*1)+SUMPRODUCT(('Hugo.O 1'!G16:G21='Hugo.O 1'!K16:K21)*1)+SUMPRODUCT(('Hugo.O 1'!G25:G30='Hugo.O 1'!K25:K30)*1)+SUMPRODUCT(('Hugo.O 1'!G34:G39='Hugo.O 1'!K34:K39)*1)+SUMPRODUCT(('Hugo.O 1'!G43:G48='Hugo.O 1'!K43:K48)*1)+SUMPRODUCT(('Hugo.O 1'!G52:G57='Hugo.O 1'!K52:K57)*1)+SUMPRODUCT(('Hugo.O 1'!G61:G66='Hugo.O 1'!K61:K66)*1)+SUMPRODUCT(('Hugo.O 1'!G70:G75='Hugo.O 1'!K70:K75)*1)+SUMPRODUCT(('Hugo.O 1'!G79:G84='Hugo.O 1'!K79:K84)*1)+SUMPRODUCT(('Hugo.O 1'!G88:G93='Hugo.O 1'!K88:K93)*1)+SUMPRODUCT(('Hugo.O 1'!G97:G102='Hugo.O 1'!K97:K102)*1)+SUMPRODUCT(('Hugo.O 1'!G106:G111='Hugo.O 1'!K106:K111)*1) -> 1 | E30: =SUM('Hugo.O 1'!M:M)+Y98 -> 100 | F30: =RANK(E30,E:E,0) -> 17
B34: Points pris lors des qualifications
C35: J1 | D35: J2 | E35: J3 | F35: J4 | G35: J5 | H35: J6 | I35: J7 | J35: J8 | K35: J9 | L35: J10 | M35: J11 | N35: J12 | O35: J13 | P35: J14 | Q35: J15 | R35: J16 | S35: J17 | T35: J18 | U35: Total
B36: Dam's | C36: ='Dams 1'!M7+0 -> 25 | D36: ='Dams 1'!M8+'Dams 1'!M16 -> 0 | E36: ='Dams 1'!M17+'Dams 1'!M34 -> 25 | F36: ='Dams 1'!M25+'Dams 1'!M26+'Dams 1'!M35+'Dams 1'!M43+'Dams 1'!M52 -> 0 | G36: ='Dams 1'!M44+'Dams 1'!M53+'Dams 1'!M61+'Dams 1'!M70 -> 0 | H36: ='Dams 1'!M62+'Dams 1'!M71+'Dams 1'!M79 -> 0 | I36: ='Dams 1'!M80+'Dams 1'!M88+'Dams 1'!M89+'Dams 1'!M97+'Dams 1'!M106 -> 0 | J36: ='Dams 1'!M9+'Dams 1'!M19+'Dams 1'!M98+'Dams 1'!M107 -> 0 | K36: ='Dams 1'!M10+'Dams 1'!M18+'Dams 1'!M36 -> 0 | L36: ='Dams 1'!M27+'Dams 1'!M28+'Dams 1'!M37+'Dams 1'!M45+'Dams 1'!M54 -> 0 | M36: ='Dams 1'!M46+'Dams 1'!M55+'Dams 1'!M63+'Dams 1'!M72 -> 0 | N36: ='Dams 1'!M64+'Dams 1'!M73+'Dams 1'!M81+'Dams 1'!M90 -> 0 | O36: ='Dams 1'!M82+'Dams 1'!M91+'Dams 1'!M99+'Dams 1'!M108 -> 0 | P36: ='Dams 1'!M20+'Dams 1'!M21+'Dams 1'!M100+'Dams 1'!M109 -> 0 | Q36: ='Dams 1'!M11+'Dams 1'!M12+'Dams 1'!M29+'Dams 1'!M30+'Dams 1'!M47+'Dams 1'!M48 -> 0 | R36: ='Dams 1'!M38+'Dams 1'!M39+'Dams 1'!M56+'Dams 1'!M57+'Dams 1'!M83+'Dams 1'!M84 -> 0 | S36: ='Dams 1'!M65+'Dams 1'!M66+'Dams 1'!M74+'Dams 1'!M75+'Dams 1'!M110+'Dams 1'!M111 -> 0 | T36: ='Dams 1'!M92+'Dams 1'!M93+'Dams 1'!M101+'Dams 1'!M102 -> 0 | U36: =SUM(C36:T36) -> 50
B37: Stan | C37: ='Stan 1'!M7+0 -> 100 | D37: ='Stan 1'!M8+'Stan 1'!M16 -> 0 | E37: ='Stan 1'!M17+'Stan 1'!M34 -> 75 | F37: ='Stan 1'!M25+'Stan 1'!M26+'Stan 1'!M35+'Stan 1'!M43+'Stan 1'!M52 -> 0 | G37: ='Stan 1'!M44+'Stan 1'!M53+'Stan 1'!M61+'Stan 1'!M70 -> 0 | H37: ='Stan 1'!M62+'Stan 1'!M71+'Stan 1'!M79 -> 0 | I37: ='Stan 1'!M67+'Stan 1'!M75+'Stan 1'!M76+'Stan 1'!M84+'Stan 1'!M93 -> 0 | U37: =SUM(C37:T37) -> 175
B38: Pata | C38: ='Pata 1'!M7+0 -> 75 | D38: ='Pata 1'!M8+'Pata 1'!M16 -> 0 | E38: ='Pata 1'!M17+'Pata 1'!M34 -> 25 | F38: ='Pata 1'!M25+'Pata 1'!M26+'Pata 1'!M35+'Pata 1'!M43+'Pata 1'!M52 -> 0 | G38: ='Pata 1'!M44+'Pata 1'!M53+'Pata 1'!M61+'Pata 1'!M70 -> 0 | H38: ='Pata 1'!M62+'Pata 1'!M71+'Pata 1'!M79 -> 0 | I38: ='Pata 1'!M80+'Pata 1'!M88+'Pata 1'!M89+'Pata 1'!M97+'Pata 1'!M106 -> 0 | U38: =SUM(C38:T38) -> 100
B39: Marina | C39: ='Marina 1'!M7+0 -> 100 | D39: ='Marina 1'!M8+'Marina 1'!M16 -> 0 | E39: ='Pata 1'!M17+'Pata 1'!M34 -> 25 | F39: ='Marina 1'!M25+'Marina 1'!M26+'Marina 1'!M35+'Marina 1'!M43+'Marina 1'!M52 -> 0 | G39: ='Marina 1'!M44+'Marina 1'!M53+'Marina 1'!M61+'Marina 1'!M70 -> 0 | H39: ='Marina 1'!M62+'Marina 1'!M71+'Marina 1'!M79 -> 0 | I39: ='Marina 1'!M80+'Marina 1'!M88+'Marina 1'!M89+'Marina 1'!M97+'Marina 1'!M106 -> 0 | U39: =SUM(C39:T39) -> 125
B40: Ricco | C40: ='Ricco 1'!M7+0 -> 150 | D40: ='Ricco 1'!M8+'Ricco 1'!M16 -> 0 | E40: ='Ricco 1'!M17+'Ricco 1'!M34 -> 0 | F40: ='Ricco 1'!M25+'Ricco 1'!M26+'Ricco 1'!M35+'Ricco 1'!M43+'Ricco 1'!M52 -> 0 | G40: ='Ricco 1'!M44+'Ricco 1'!M53+'Ricco 1'!M61+'Ricco 1'!M70 -> 0 | H40: ='Ricco 1'!M62+'Ricco 1'!M71+'Ricco 1'!M79 -> 0 | I40: ='Ricco 1'!M80+'Ricco 1'!M88+'Ricco 1'!M89+'Ricco 1'!M97+'Ricco 1'!M106 -> 0 | U40: =SUM(C40:T40) -> 150
B41: Vero | C41: ='Vero 1'!M7+0 -> 25 | D41: ='Vero 1'!M8+'Vero 1'!M16 -> 135 | E41: ='Vero 1'!M17+'Vero 1'!M34 -> 25 | F41: ='Vero 1'!M25+'Vero 1'!M26+'Vero 1'!M35+'Vero 1'!M43+'Vero 1'!M52 -> 0 | G41: ='Vero 1'!M44+'Vero 1'!M53+'Vero 1'!M61+'Vero 1'!M70 -> 0 | H41: ='Vero 1'!M62+'Vero 1'!M71+'Vero 1'!M79 -> 0 | I41: ='Vero 1'!M80+'Vero 1'!M88+'Vero 1'!M89+'Vero 1'!M97+'Vero 1'!M106 -> 0 | U41: =SUM(C41:T41) -> 185
B42: Hugo C. | C42: ='Hugo 1'!M7+0 -> 0 | D42: ='Hugo 1'!M8+'Hugo 1'!M16 -> 50 | E42: ='Hugo 1'!M17+'Hugo 1'!M34 -> 25 | F42: ='Hugo 1'!M25+'Hugo 1'!M26+'Hugo 1'!M35+'Hugo 1'!M43+'Hugo 1'!M52 -> 0 | G42: ='Hugo 1'!M44+'Hugo 1'!M53+'Hugo 1'!M61+'Hugo 1'!M70 -> 0 | H42: ='Hugo 1'!M62+'Hugo 1'!M71+'Hugo 1'!M79 -> 0 | I42: ='Hugo 1'!M80+'Hugo 1'!M88+'Hugo 1'!M89+'Hugo 1'!M97+'Hugo 1'!M106 -> 0 | U42: =SUM(C42:T42) -> 75
B43: Jeje | C43: ='Jeje 1'!M7+0 -> 75 | D43: ='Jeje 1'!M8+'Jeje 1'!M16 -> 135 | E43: ='Jeje 1'!M17+'Jeje 1'!M34 -> 25 | F43: ='Jeje 1'!M25+'Jeje 1'!M26+'Jeje 1'!M35+'Jeje 1'!M43+'Jeje 1'!M52 -> 0 | G43: ='Jeje 1'!M44+'Jeje 1'!M53+'Jeje 1'!M61+'Jeje 1'!M70 -> 0 | H43: ='Jeje 1'!M62+'Jeje 1'!M71+'Jeje 1'!M79 -> 0 | I43: ='Jeje 1'!M73+'Jeje 1'!M81+'Jeje 1'!M82+'Jeje 1'!M90+'Jeje 1'!M99 -> 0 | U43: =SUM(C43:T43) -> 235
B44: Laura | C44: ='Laura 1'!M7+0 -> 100 | D44: ='Laura 1'!M8+'Laura 1'!M16 -> 0 | E44: ='Laura 1'!M17+'Laura 1'!M34 -> 25 | F44: ='Laura 1'!M25+'Laura 1'!M26+'Laura 1'!M35+'Laura 1'!M43+'Laura 1'!M52 -> 0 | G44: ='Laura 1'!M44+'Laura 1'!M53+'Laura 1'!M61+'Laura 1'!M70 -> 0 | H44: ='Laura 1'!M62+'Laura 1'!M71+'Laura 1'!M79 -> 0 | I44: ='Laura 1'!M74+'Laura 1'!M82+'Laura 1'!M83+'Laura 1'!M91+'Laura 1'!M100 -> 0 | U44: =SUM(C44:T44) -> 125
B45: Paco | C45: ='Paco 1'!M7+0 -> 25 | D45: ='Paco 1'!M8+'Paco 1'!M16 -> 50 | E45: ='Paco 1'!M17+'Paco 1'!M34 -> 25 | F45: ='Paco 1'!M25+'Paco 1'!M26+'Paco 1'!M35+'Paco 1'!M43+'Paco 1'!M52 -> 0 | G45: ='Paco 1'!M44+'Paco 1'!M53+'Paco 1'!M61+'Paco 1'!M70 -> 0 | H45: ='Paco 1'!M62+'Paco 1'!M71+'Paco 1'!M79 -> 0 | I45: ='Paco 1'!M75+'Paco 1'!M83+'Paco 1'!M84+'Paco 1'!M92+'Paco 1'!M101 -> 0 | U45: =SUM(C45:T45) -> 100
B46: Cyrille | C46: ='Cyrille 1'!M7+0 -> 25 | D46: ='Cyrille 1'!M8+'Cyrille 1'!M16 -> 0 | E46: ='Cyrille 1'!M17+'Cyrille 1'!M34 -> 25 | F46: ='Cyrille 1'!M25+'Cyrille 1'!M26+'Cyrille 1'!M35+'Cyrille 1'!M43+'Cyrille 1'!M52 -> 0 | G46: ='Cyrille 1'!M44+'Cyrille 1'!M53+'Cyrille 1'!M61+'Cyrille 1'!M70 -> 0 | H46: ='Cyrille 1'!M62+'Cyrille 1'!M71+'Cyrille 1'!M79 -> 0 | I46: ='Cyrille 1'!M76+'Cyrille 1'!M84+'Cyrille 1'!M85+'Cyrille 1'!M93+'Cyrille 1'!M102 -> 0 | U46: =SUM(C46:T46) -> 50
B47: Joris | C47: ='Joris 1'!M7+0 -> 75 | D47: ='Joris 1'!M8+'Joris 1'!M16 -> 175 | E47: ='Joris 1'!M17+'Joris 1'!M34 -> 75 | F47: ='Joris 1'!M25+'Joris 1'!M26+'Joris 1'!M35+'Joris 1'!M43+'Joris 1'!M52 -> 0 | G47: ='Joris 1'!M44+'Joris 1'!M53+'Joris 1'!M61+'Joris 1'!M70 -> 0 | H47: ='Joris 1'!M62+'Joris 1'!M71+'Joris 1'!M79 -> 0 | I47: ='Joris 1'!M77+'Joris 1'!M85+'Joris 1'!M86+'Joris 1'!M94+'Joris 1'!M103 -> 0 | U47: =SUM(C47:T47) -> 325
B48: Léna | C48: ='Léna 1'!M7+0 -> 25 | D48: ='Léna 1'!M8+'Léna 1'!M16 -> 0 | E48: ='Léna 1'!M17+'Léna 1'!M34 -> 150 | F48: ='Léna 1'!M25+'Léna 1'!M26+'Léna 1'!M35+'Léna 1'!M43+'Léna 1'!M52 -> 0 | G48: ='Léna 1'!M44+'Léna 1'!M53+'Léna 1'!M61+'Léna 1'!M70 -> 0 | H48: ='Léna 1'!M62+'Léna 1'!M71+'Léna 1'!M79 -> 0 | I48: ='Léna 1'!M90+'Léna 1'!M98+'Léna 1'!M99+'Léna 1'!M107+'Léna 1'!M116 -> 0 | U48: =SUM(C48:T48) -> 175
B49: Goyt | C49: ='Goyt 1'!M7+0 -> 75 | D49: ='Goyt 1'!M8+'Goyt 1'!M16 -> 50 | E49: ='Goyt 1'!M17+'Goyt 1'!M34 -> 75 | F49: ='Goyt 1'!M25+'Goyt 1'!M26+'Goyt 1'!M35+'Goyt 1'!M43+'Goyt 1'!M52 -> 0 | G49: ='Goyt 1'!M44+'Goyt 1'!M53+'Goyt 1'!M61+'Goyt 1'!M70 -> 0 | H49: ='Goyt 1'!M62+'Goyt 1'!M71+'Goyt 1'!M79 -> 0 | I49: ='Goyt 1'!M91+'Goyt 1'!M99+'Goyt 1'!M100+'Goyt 1'!M108+'Goyt 1'!M117 -> 0 | U49: =SUM(C49:T49) -> 200
B50: Noé | C50: ='Noe 1'!M7+0 -> 0 | D50: ='Noe 1'!M8+'Noe 1'!M16 -> 175 | E50: ='Noe 1'!M17+'Noe 1'!M34 -> 25 | F50: ='Noe 1'!M25+'Noe 1'!M26+'Noe 1'!M35+'Noe 1'!M43+'Noe 1'!M52 -> 0 | G50: ='Noe 1'!M44+'Noe 1'!M53+'Noe 1'!M61+'Noe 1'!M70 -> 0 | H50: ='Noe 1'!M62+'Noe 1'!M71+'Noe 1'!M79 -> 0 | I50: ='Noe 1'!M80+'Noe 1'!M88+'Noe 1'!M89+'Noe 1'!M97+'Noe 1'!M106 -> 0 | U50: =SUM(C50:T50) -> 200
B51: Clara | C51: ='Clara 1'!M7+0 -> 100 | D51: ='Clara 1'!M8+'Clara 1'!M16 -> 0 | E51: ='Clara 1'!M17+'Clara 1'!M34 -> 25 | F51: ='Clara 1'!M25+'Clara 1'!M26+'Clara 1'!M35+'Clara 1'!M43+'Clara 1'!M52 -> 0 | G51: ='Clara 1'!M44+'Clara 1'!M53+'Clara 1'!M61+'Clara 1'!M70 -> 0 | H51: ='Clara 1'!M62+'Clara 1'!M71+'Clara 1'!M79 -> 0 | I51: ='Clara 1'!M93+'Clara 1'!M101+'Clara 1'!M102+'Clara 1'!M110+'Clara 1'!M119 -> 0 | U51: =SUM(C51:T51) -> 125
B52: Erwan | C52: ='Erwan 1'!M7+0 -> 75 | D52: ='Erwan 1'!M8+'Erwan 1'!M16 -> 0 | E52: ='Erwan 1'!M17+'Erwan 1'!M34 -> 25 | F52: ='Erwan 1'!M25+'Erwan 1'!M26+'Erwan 1'!M35+'Erwan 1'!M43+'Erwan 1'!M52 -> 0 | G52: ='Erwan 1'!M44+'Erwan 1'!M53+'Erwan 1'!M61+'Erwan 1'!M70 -> 0 | H52: ='Erwan 1'!M62+'Erwan 1'!M71+'Erwan 1'!M79 -> 0 | I52: ='Erwan 1'!M94+'Erwan 1'!M102+'Erwan 1'!M103+'Erwan 1'!M111+'Erwan 1'!M120 -> 0 | U52: =SUM(C52:T52) -> 100
B53: Micka | C53: ='Micka 1'!M7+0 -> 75 | D53: ='Micka 1'!M8+'Micka 1'!M16 -> 0 | E53: ='Micka 1'!M17+'Micka 1'!M34 -> 25 | F53: ='Micka 1'!M25+'Micka 1'!M26+'Micka 1'!M35+'Micka 1'!M43+'Micka 1'!M52 -> 0 | G53: ='Micka 1'!M44+'Micka 1'!M53+'Micka 1'!M61+'Micka 1'!M70 -> #VALUE! | H53: ='Micka 1'!M62+'Micka 1'!M71+'Micka 1'!M79 -> 0 | I53: ='Micka 1'!M83+'Micka 1'!M91+'Micka 1'!M92+'Micka 1'!M100+'Micka 1'!M109 -> 0 | U53: =SUM(C53:T53) -> #VALUE!
B54: Greg | C54: ='Greg 1'!M7+0 -> 25 | D54: ='Greg 1'!M8+'Greg 1'!M16 -> 0 | E54: ='Greg 1'!M17+'Greg 1'!M34 -> 25 | F54: ='Greg 1'!M25+'Greg 1'!M26+'Greg 1'!M35+'Greg 1'!M43+'Greg 1'!M52 -> 0 | G54: ='Greg 1'!M44+'Greg 1'!M53+'Greg 1'!M61+'Greg 1'!M70 -> 0 | H54: ='Greg 1'!M62+'Greg 1'!M71+'Greg 1'!M79 -> 0 | I54: ='Greg 1'!M84+'Greg 1'!M92+'Greg 1'!M93+'Greg 1'!M101+'Greg 1'!M110 -> 0 | U54: =SUM(C54:T54) -> 50
B55: Kalash | C55: ='Kalash 1'!M7+0 -> 0 | D55: ='Kalash 1'!M8+'Kalash 1'!M16 -> 0 | E55: ='Kalash 1'!M17+'Kalash 1'!M34 -> 0 | F55: ='Kalash 1'!M25+'Kalash 1'!M26+'Kalash 1'!M35+'Kalash 1'!M43+'Kalash 1'!M52 -> 0 | G55: ='Kalash 1'!M44+'Kalash 1'!M53+'Kalash 1'!M61+'Kalash 1'!M70 -> 0 | H55: ='Kalash 1'!M62+'Kalash 1'!M71+'Kalash 1'!M79 -> 0 | I55: ='Kalash 1'!M85+'Kalash 1'!M93+'Kalash 1'!M94+'Kalash 1'!M102+'Kalash 1'!M111 -> 0 | U55: =SUM(C55:T55) -> 0
B56: Jess | C56: ='Jess 1'!M7+0 -> 75 | D56: ='Jess 1'!M8+'Jess 1'!M16 -> 185 | E56: ='Jess 1'!M17+'Jess 1'!M34 -> 0 | F56: ='Jess 1'!M25+'Jess 1'!M26+'Jess 1'!M35+'Jess 1'!M43+'Jess 1'!M52 -> 0 | G56: ='Jess 1'!M44+'Jess 1'!M53+'Jess 1'!M61+'Jess 1'!M70 -> 0 | H56: ='Jess 1'!M62+'Jess 1'!M71+'Jess 1'!M79 -> 0 | I56: ='Jess 1'!M86+'Jess 1'!M94+'Jess 1'!M95+'Jess 1'!M103+'Jess 1'!M112 -> 0 | U56: =SUM(C56:T56) -> 260
B57: Steph | C57: ='Steph 1'!M7+0 -> 150 | D57: ='Steph 1'!M8+'Steph 1'!M16 -> 0 | E57: ='Steph 1'!M17+'Steph 1'!M34 -> 25 | F57: ='Steph 1'!M25+'Steph 1'!M26+'Steph 1'!M35+'Steph 1'!M43+'Steph 1'!M52 -> 0 | G57: ='Steph 1'!M44+'Steph 1'!M53+'Steph 1'!M61+'Steph 1'!M70 -> 0 | H57: ='Steph 1'!M62+'Steph 1'!M71+'Steph 1'!M79 -> 0 | I57: ='Steph 1'!M86+'Steph 1'!M94+'Steph 1'!M95+'Steph 1'!M103+'Steph 1'!M112 -> 0 | U57: =SUM(C57:T57) -> 175
B58: Chloé | C58: ='Chloé 1'!M7+0 -> 0 | D58: ='Chloé 1'!M8+'Chloé 1'!M16 -> 100 | E58: ='Chloé 1'!M17+'Chloé 1'!M34 -> 25 | F58: ='Chloé 1'!M25+'Chloé 1'!M26+'Chloé 1'!M35+'Chloé 1'!M43+'Chloé 1'!M52 -> 0 | G58: ='Chloé 1'!M44+'Chloé 1'!M53+'Chloé 1'!M61+'Chloé 1'!M70 -> 0 | H58: ='Chloé 1'!M62+'Chloé 1'!M71+'Chloé 1'!M79 -> 0 | I58: ='Chloé 1'!M86+'Chloé 1'!M94+'Chloé 1'!M95+'Chloé 1'!M103+'Chloé 1'!M112 -> 0 | U58: =SUM(C58:T58) -> 125
B59: Mathys | C59: ='Mathys 1'!M7+0 -> 0 | D59: ='Mathys 1'!M8+'Mathys 1'!M16 -> 50 | E59: ='Mathys 1'!M17+'Mathys 1'!M34 -> 25 | F59: ='Mathys 1'!M25+'Mathys 1'!M26+'Mathys 1'!M35+'Mathys 1'!M43+'Mathys 1'!M52 -> 0 | G59: ='Mathys 1'!M44+'Mathys 1'!M53+'Mathys 1'!M61+'Mathys 1'!M70 -> 0 | H59: ='Mathys 1'!M62+'Mathys 1'!M71+'Mathys 1'!M79 -> 0 | I59: ='Mathys 1'!M86+'Mathys 1'!M94+'Mathys 1'!M95+'Mathys 1'!M103+'Mathys 1'!M112 -> 0 | U59: =SUM(C59:T59) -> 75
B60: Aymeric | C60: ='Aymeric 1'!M7+0 -> 75 | D60: ='Aymeric 1'!M8+'Aymeric 1'!M16 -> 125 | E60: ='Aymeric 1'!M17+'Aymeric 1'!M34 -> 25 | F60: ='Aymeric 1'!M25+'Aymeric 1'!M26+'Aymeric 1'!M35+'Aymeric 1'!M43+'Aymeric 1'!M52 -> 0 | G60: ='Aymeric 1'!M44+'Aymeric 1'!M53+'Aymeric 1'!M61+'Aymeric 1'!M70 -> 0 | H60: ='Aymeric 1'!M62+'Aymeric 1'!M71+'Aymeric 1'!M79 -> 0 | I60: ='Aymeric 1'!M86+'Aymeric 1'!M94+'Aymeric 1'!M95+'Aymeric 1'!M103+'Aymeric 1'!M112 -> 0 | U60: =SUM(C60:T60) -> 225
B61: Shervan | C61: ='Shervan 1'!M7+0 -> 0 | D61: ='Shervan 1'!M8+'Shervan 1'!M16 -> 0 | E61: ='Shervan 1'!M17+'Shervan 1'!M34 -> 0 | F61: ='Shervan 1'!M25+'Shervan 1'!M26+'Shervan 1'!M35+'Shervan 1'!M43+'Shervan 1'!M52 -> 0 | G61: ='Shervan 1'!M44+'Shervan 1'!M53+'Shervan 1'!M61+'Shervan 1'!M70 -> 0 | H61: ='Shervan 1'!M62+'Shervan 1'!M71+'Shervan 1'!M79 -> 0 | I61: ='Shervan 1'!M86+'Shervan 1'!M94+'Shervan 1'!M95+'Shervan 1'!M103+'Shervan 1'!M112 -> 0 | U61: =SUM(C61:T61) -> 0
B62: Nikola | C62: ='Nikola 1'!M7+0 -> 25 | D62: ='Nikola 1'!M8+'Nikola 1'!M16 -> 0 | E62: ='Nikola 1'!M17+'Nikola 1'!M34 -> 25 | F62: ='Nikola 1'!M25+'Nikola 1'!M26+'Nikola 1'!M35+'Nikola 1'!M43+'Nikola 1'!M52 -> 0 | G62: ='Nikola 1'!M44+'Nikola 1'!M53+'Nikola 1'!M61+'Nikola 1'!M70 -> 0 | H62: ='Nikola 1'!M62+'Nikola 1'!M71+'Nikola 1'!M79 -> 0 | I62: ='Nikola 1'!M86+'Nikola 1'!M94+'Nikola 1'!M95+'Nikola 1'!M103+'Nikola 1'!M112 -> 0 | U62: =SUM(C62:T62) -> 50
B63: Hugo O. | C63: ='Hugo.O 1'!M7+0 -> 75 | D63: ='Hugo.O 1'!M8+'Hugo.O 1'!M16 -> 0 | E63: ='Hugo.O 1'!M17+'Hugo.O 1'!M34 -> 25 | F63: ='Hugo.O 1'!M25+'Hugo.O 1'!M26+'Hugo.O 1'!M35+'Hugo.O 1'!M43+'Hugo.O 1'!M52 -> 0 | G63: ='Hugo.O 1'!M44+'Hugo.O 1'!M53+'Hugo.O 1'!M61+'Hugo.O 1'!M70 -> 0 | H63: ='Hugo.O 1'!M62+'Hugo.O 1'!M71+'Hugo.O 1'!M79 -> 0 | I63: ='Hugo.O 1'!M101+'Hugo.O 1'!M109+'Hugo.O 1'!M110+'Hugo.O 1'!M118+'Hugo.O 1'!M127 -> 0 | U63: =SUM(C63:T63) -> 100
B69: Points pris lors de la phase à éliminination direct
C70: J18 | D70: J19 | E70: J20 | F70: J21 | G70: J22 | H70: J23 | I70: J24 | J70: J25 | K70: J26 | L70: J27 | M70: J28 | N70: J29 | O70: J30 | P70: J31 | Q70: J32 | R70: J33 | S70: J34 | T70: J35 | U70: J36 | V70: J37 | W70: J38 | X70: J39 | Y70: Total
B71: Dam's | Y71: =SUM(C71:X71) -> 0
B72: Stan | Y72: =SUM(C72:X72) -> 0
B73: Pata | Y73: =SUM(C73:X73) -> 0
B74: Marina | Y74: =SUM(C74:X74) -> 0
B75: Ricco | Y75: =SUM(C75:X75) -> 0
B76: Vero | Y76: =SUM(C76:X76) -> 0
B77: Hugo C. | Y77: =SUM(C77:X77) -> 0
B78: Jeje | Y78: =SUM(C78:X78) -> 0
B79: Laura | Y79: =SUM(C79:X79) -> 0
B80: Paco | Y80: =SUM(C80:X80) -> 0
B81: Cyrille | Y81: =SUM(C81:X81) -> 0
B82: Joris | Y82: =SUM(C82:X82) -> 0
... B98: Hugo O. | Y98: =SUM(C98:X98) -> 0

Sheet Planning
B3: Phase de qualification
B4: Journées | C4: Dates | D4: M1 | E4: M2 | F4: M3 | G4: M4 | H4: M5 | I4: M6
B5: J1 | C5: 46184 | D5: Mex - AdS
B6: J2 | C6: 46185 | D6: Can - Bos | E6: Cor - Tch
B7: J3 | C7: 46186 | D7: Qat - Sui | E7: USA - Para
B8: J4 | C8: 46187 | D8: All - Cura | E8: P-B - Jap | F8: Aus - Turk | G8: Bre - Maroc | H8: Haï - Eco
B9: J5 | C9: 46188 | D9: Esp - Cap | E9: Bel - Egy | F9: CdI - Equ | G9: Sué - Tun
B10: J6 | C10: 46189 | D10: Fra - Sen | E10: Arab - Uru | F10: Iran - N-Z
B11: J7 | C11: 46190 | D11: Por - RDC | E11: Ang - Cro | F11: Irak - Nor | G11: Arg - Alg | H11: Aut - Jor
B12: J8 | C12: 46191 | D12: AdS - Tch | E12: Sui - Bos | F12: Gha - Pana | G12: Ouz - Col
B13: J9 | C13: 46192 | D13: USA - Aus | E13: Qat - Can | F13: Mex - Cor
B14: J10 | C14: 46193 | D14: P-B - Sué | E14: Eco - Maroc | F14: Bré - Haï | G14: Turk - Para | H14: All - CdI
B15: J11 | C15: 46194 | D15: Esp - Arab | E15: Bel - Iran | F15: Equ - Cura | G15: Tun - Jap
B16: J12 | C16: 46195 | D16: Arg - Aut | E16: Fra - Irak | F16: Uru - Cap | G16: N-Z - Egy
B17: J13 | C17: 46196 | D17: Por - Ouz | E17: Ang - Gha | F17: Nor - Sen | G17: Jor - Alg
B18: J14 | C18: 46197 | D18: Sui - Can | E18: Bos - Qat | F18: Pana - Cro | G18: Col - RDC
B19: J15 | C19: 46198 | D19: Equ - All | E19: Cura - CdI | F19: Eco - Bré | G19: Maroc - Haï | H19: Tch - Mex | I19: AsD - Cor
B20: J16 | C20: 46199 | D20: Nor - Fra | E20: Sen - Irak | F20: Tun - P-B | G20: Jap - Sué | H20: Turk - USA | I20: Para - Aus
B21: J17 | C21: 46200 | D21: Pana - Ang | E21: Cro - Gha | F21: Uru - Esp | G21: Cap - Arab | H21: N-Z - Bel | I21: Egy - Iran
B22: J18 | C22: 46201 | D22: Col - Por | E22: RdC - Ouz | F22: Jor - Arg | G22: Alg - Aut
B24: Phase finale
B25: J18 | C25: 46201 | D25: (Match 73) 2A - 2B
B26: J19 | C26: 46202 | D26: (Match 74) 1E - M3(ABCDF) | F26: (Match 76) 1C - 2F
B27: J20 | C27: 46203 | D27: (Match 75) 1F - 2C | F27: (Match 77) 1I - M3(CDFGH) | H27: (Match 78) 2E - 2I
B28: J21 | C28: 46204 | D28: (Match 79) 1A - M3(CEFHI) | F28: (Match 80) 1L - M3(EHIJK) | H28: (Match 82) 1G - M3(AEHIJ)
B29: J22 | C29: 46205 | D29: (Match 81) 1D - M3(BEFIJ) | F29: (Match 84) 1H - 2J
B30: J23 | C30: 46206 | D30: (Match 83) 2K - 2L | F30: (Match 85) 1B - M3(EFGIJ) | H30: (Match 88) 2D - 2G
B31: J24 | C31: 46207 | D31: (Match 86) 1J - 2H | F31: (Match 87) 1K - M3(DEIJL)
B33: Huitièmes de finale
B34: J24 | C34: 46207 | D34: (Match 89) Winner match 77 - Winner match 74 | G34: (Match 90) Winner match 73 - Winner match 75
B35: J25 | C35: 46208 | D35: (Match 91) Winner match 76 - Winner match 78
B36: J26 | C36: 46209 | D36: (Match 92) Winner match 79 - Winner match 80 | G36: (Match 93) Winner match 83 - Winner match 84
B37: J27 | C37: 46210 | D37: (Match 94) Winner match 81 - Winner match 82 | G37: (Match 95) Winner match 86 - Winner match 88 | J37: (Match 96) Winner match 85 - Winner match 87
B38: J28 | C38: 46211 | D38: Repos
B40: Quarts de finale
B41: J29 | C41: 46212 | D41: (Match 97) Winner match 89 - Winner match 90
B42: J30 | C42: 46213 | D42: (Match 98) Winner match 93 - Winner match 94
B43: J31 | C43: 46214 | D43: (Match 99) Winner match 91 - Winner match 92
B44: J32 | C44: 46215 | D44: (Match 100) Winner match 95 - Winner match 96
B45: J33 | C45: 46216 | D45: Repos
B47: Demi-finales
B48: J34 | C48: 46217 | D48: (Match 101) Winner match 97 - Winner match 98
B49: J35 | C49: 46218 | D49: (Match 102) Winner match 99 - Winner match 100
B50: J36 | C50: 46219 | D50: Repos
B51: J37 | C51: 46220
B53: Petite finale
B54: J38 | C54: 46221 | D54: (Match 103) Looser match 101 - Looser match 102
B55: Grande finale
B56: J39 | C56: 46222 | D56: (Match 104) Winner match 101 - Winner match 102

Sheet Boosters
B2: Numéros | C2: Journées | D2: Dates | E2: Matchs | F2: Détails
B3: B1 | C3: 1 | D3: 46184 | E3: Mex - AdS | F3: Giminez but de la tete
B4: B2 | F4: Nul mi-temps
B5: B3 | C5: 2 | D5: 46185 | E5: Cor - Tch | F5: -2,5 carton jaune
B6: B4 | F6: shick et sulc 2 but ou +
B7: B5 | E7: Can - Bos | F7: Buchanan decisif
B8: B6 | F8: Alajbegovic plus decisif que david
B9: B7 | C9: 3 | D9: 46186 | E9: USA - Para | F9: But d'un defenseur
B10: B8 | F10: Balogun + Pulisic decisif + 2 fois
B11: B9 | E11: Qat - Sui | F11: Nul mi-temps
B12: B10 | F12: Xhaka decisif
B13: B11 | C13: 4 | D13: 46187 | E13: Bre - Maroc | F13: Casemiro decisif
B14: B12 | F14: + 1,5 a la mi-temps
B15: B13 | E15: Haï - Eco | F15: Isidor buteur
B16: B14 | F16: + 3,5 jaune
B17: B15 | E17: Aus - Turk | F17: uzun decisif 2 fois ou +
B18: B16 | F18: 20 fautes ou +
B19: B17 | E19: All - Cura | F19: But d'un defenseur
B20: B18 | F20: Nul mi-temps
B21: B19 | E21: P-B - Jap | F21: Reijnders ou tanaka buteur
B22: B20 | F22: - 3,5 jaunes
B23: B21 | C23: 5 | D23: 46188 | E23: CdI - Equ | F23: Diallo ou Pepe buteur
B24: B22 | F24: But sur Peno
B25: B23 | E25: Sué - Tun | F25: Isak pas decisif
B26: B24 | F26: Tunisie cleen sheet
B27: B25 | E27: Esp - Cap | F27: But sur Peno
B28: B26 | F28: +2,5 but a la mi-temps
B29: B27 | E29: Bel - Egy | F29: Doku plus decisif que KDB
B30: B28 | F30: Salah Buteur
B31: B29 | C31: 6 | D31: 46189 | E31: Arab - Uru | F31: Valeverde decif +2 fois
B32: B30 | F32: 1 carton rouge ou +
B33: B31 | E33: Iran - N-Z | F33: Wood + Taremi 2 but ou +
B34: B32 | F34: But sur Peno
B35: B33 | E35: Fra - Sen | F35: Mané buteur
B36: B34 | F36: But d'un defenseur
B37: B35 | C37: 7 | D37: 46190 | E37: Irak - Nor | F37: Nusa decisif
B38: B36 | F38: Haaland but de la tete
B39: B37 | E39: Arg - Alg | F39: Algerie marque en premier
B40: B38 | F40: But sur Coup franc
B41: B39 | E41: Aut - Jor | F41: But d'un defenseur
B42: B40 | F42: Nul mi-temps
B43: B41 | E43: Por - RDC | F43: Ronaldo 2 but ou +
B44: B42 | F44: Nuno plus decisif que Wissa
B45: B43 | E45: Ang - Cro | F45: Angletterre clean sheet
B46: B44 | F46: But sur corner
B47: B45 | C47: 8 | D47: 46191 | E47: Gha - Pana | F47: 1 carton rouge ou +
B48: B46 | F48: 1 remplacant marque 1 but ou +
B49: B47 | E49: Ouz - Col | F49: Ouzbzkistan encaisse 1 but ou -
B50: B48 | F50: Munoz ou rios buteur
B51: B49 | E51: AdS - Tch | F51: ecart de buts 2 ou +
B52: B50 | F52: soucek buteur
B53: B51 | E53: Sui - Bos | F53: numéro 9 suisse décisif 2 fois ou +
B54: B52 | F54: Bosnie marque dans les deux mi temsp
B55: B53 | C55: 9 | D55: 46192 | E55: Qat - Can | F55: Qatar marque en premier
B56: B54 | F56: Plus 2,5 buts pour l'attaque du Canada
B57: B55 | E57: Mex - Cor | F57: Moins de 7 tirs cadrés
B58: B56 | F58: les deux equipes marquent
B59: B57 | E59: USA - Aus | F59: Pulisic marque plus que l'australie
B60: B58 | F60: But sur Peno
B61: B59 | C61: 10 | D61: 46193 | E61: Eco - Maroc | F61: Hakimi plus decisif que Mctominay
B62: B60 | F62: les deux equipes marquent en 1ere mi-temps
B63: B61 | E63: Bré - Haï | F63: Vini passeur decisif
B64: B62 | F64: Haiti + de 3 tir cadres
B65: B63 | E65: Turk - Para | F65: Arda guller passeur decisisf
B66: B64 | F66: Une equipe ne fini pas a 11
B67: B65 | E67: P-B - Sué | F67: Malen + decisif que Gyokeres
B68: B66 | F68: but sur peno
B69: B67 | E69: All - CdI | F69: Les joueur du bayern sont decisif 2 fois ou +
B70: B68 | F70: Cote d'ivoire a 45% ou + de possession
B71: B69 | C71: 11 | D71: 46194 | E71: Equ - Cura | F71: Chong decisif
B72: B70 | F72: un defenseuf marque un but
B73: B71 | E73: Tun - Jap | F73: kubo buteur
B74: B72 | F74: 4 but dans le macth
B75: B73 | E75: Esp - Arab | F75: Le trio d'attaque + 2,5 but
B76: B74 | F76: Arabie saoudite marque en 1ere mi-temps
B77: B75 | E77: Bel - Iran | F77: Doku et tielemans decsif 2 fois ou +
B78: B76 | F78: Belgique plus de 7 corners
B79: B77 | C79: 12 | D79: 46195 | E79: Uru - Cap | F79: CAP vert moins de 5 fautes commises
B80: B78 | F80: But de la tete
B81: B79 | E81: N-Z - Egy | F81: Marmoush décisif 2 fois ou +
B82: B80 | F82: Nul mi temps
B83: B81 | E83: Arg - Aut | F83: Julian Alvarez marque plus que l'Autriche
B84: B82 | F84: L'Autriche a plus ou égal à 45% de possession
B85: B83 | E85: Fra - Irak | F85: Mbappé triplement décisif
B86: B84 | F86: Le trio offensif tricolore est décisif au moins une fois chacun
B87: B85 | C87: 13 | D87: 46196 | E87: Nor - Sen | F87: Mane + décisif que haaland
B88: B86 | F88: Plus de 1,5 buts dans la première mi temps
B89: B87 | E89: Jor - Alg | F89: Le trio offensif algériens plus 1,5 buts
B90: B88 | F90: La Jordanie ouvre le score
B91: B89 | E91: Por - Ouz | F91: Vitinha passeur décisif
B92: B90 | F92: Bruno doublement décisif
B93: B91 | E93: Ang - Gha | F93: Un remplacent marque un but
B94: B92 | F94: Les joueurs de -25 ans décisif 2 fois ou plus
B95: B93 | C95: 14 | D95: 46197 | E95: Pana - Cro | F95: Un joueur dont le nom de finit pas en "ic" décisif plus de 1,5 fois
B96: B94 | F96: La Croatie a plus de 61% de possession
B97: B95 | E97: Col - RDC | F97: Luis Diaz doublement décisif
B98: B96 | F98: Wissa et james Rodriguez decsif plus 1,5 fois
B99: B97 | E99: Sui - Can | F99: Balogun + decsif que embolo
B100: B98 | F100: But du pied gauche
B101: B99 | E101: Bos - Qat | F101: But sur corner
...

Sheet Dams 1
B1: Joueur : Dam's | C1: Meilleur buteur de la CDM : | F1: Mbappé
C2: Meilleur passeur de la CDM : | F2: Viti-goat
C3: Meilleur joueur de la CDM : | F3: Olise
C4: Gagnant de la CDM : | F4: Portugal
A6: Poule A | D6: Dates | E6: Rencontres | F6: Mes prono | G6: Mes scores | H6: Mes Booster | I6: Côte du prono | J6: Vainqueurs | K6: Les résultats | L6: Booster validé | M6: Points gagnés
A7: Equipe A | B7: Mexique | D7: 46184 | E7: A vs C | F7: A | G7: 2 - 1 | H7: B2 | I7: 1 - 3 | J7: A | K7: 2 - 0 | L7: non | M7: =IF(J7=F7,IF( OR(I7="3 - 1",I7="4 - 1",I7="4 - 2"),100,IF( OR(I7="2 - 1",I7="3 - 2",I7="4 - 3"),75,IF(I7="nul",60,IF( OR(I7="3 - 4",I7="2 - 3",I7="1 - 2"),50,IF( OR(I7="1 - 3",I7="2 - 4",I7="1 - 4"),25,0)))))+IF(K7=G7,+75,0)+IF(L7="oui",+50,0))+0 -> 25
A8: Equipe B | B8: Coree du sud | D8: 46185 | E8: B vs D | F8: N | G8: 1 - 1 | H8: B3 | I8: nul | J8: B | K8: 2 - 1 | L8: oui | M8: =IF(J8=F8,IF( OR(I8="3 - 1",I8="4 - 1",I8="4 - 2"),100,IF( OR(I8="2 - 1",I8="3 - 2",I8="4 - 3"),75,IF(I8="nul",60,IF( OR(I8="3 - 4",I8="2 - 3",I8="1 - 2"),50,IF( OR(I8="1 - 3",I8="2 - 4",I8="1 - 4"),25,0)))))+IF(K8=G8,+75,0)+IF(L8="oui",+50,0))+0 -> 0
A9: Equipe C | B9: Afrique du sud | D9: 46191 | E9: C vs D | F9: ... | K9: ... | M9: =IF(J9=F9,IF( OR(I9="3 - 1",I9="4 - 1",I9="4 - 2"),100,IF( OR(I9="2 - 1",I9="3 - 2",I9="4 - 3"),75,IF(I9="nul",60,IF( OR(I9="3 - 4",I9="2 - 3",I9="1 - 2"),50,IF( OR(I9="1 - 3",I9="2 - 4",I9="1 - 4"),25,0)))))+IF(K9=G9,+75,0)+IF(L9="oui",+50,0))+0 -> 0
A10: Equipe D | B10: Republique tchèque | D10: 46192 | E10: A vs B | F10: ... | K10: ... | M10: =IF(J10=F10,IF( OR(I10="3 - 1",I10="4 - 1",I10="4 - 2"),100,IF( OR(I10="2 - 1",I10="3 - 2",I10="4 - 3"),75,IF(I10="nul",60,IF( OR(I10="3 - 4",I10="2 - 3",I10="1 - 2"),50,IF( OR(I10="1 - 3",I10="2 - 4",I10="1 - 4"),25,0)))))+IF(K10=G10,+75,0)+IF(L10="oui",+50,0))+0 -> 0
D11: 46198 | E11: A vs D | F11: ... | K11: ... | M11: =IF(J11=F11,IF( OR(I11="3 - 1",I11="4 - 1",I11="4 - 2"),100,IF( OR(I11="2 - 1",I11="3 - 2",I11="4 - 3"),75,IF(I11="nul",60,IF( OR(I11="3 - 4",I11="2 - 3",I11="1 - 2"),50,IF( OR(I11="1 - 3",I11="2 - 4",I11="1 - 4"),25,0)))))+IF(K11=G11,+75,0)+IF(L11="oui",+50,0))+0 -> 0
D12: 46198 | E12: B vs C | F12: ... | K12: ... | M12: =IF(J12=F12,IF( OR(I12="3 - 1",I12="4 - 1",I12="4 - 2"),100,IF( OR(I12="2 - 1",I12="3 - 2",I12="4 - 3"),75,IF(I12="nul",60,IF( OR(I12="3 - 4",I12="2 - 3",I12="1 - 2"),50,IF( OR(I12="1 - 3",I12="2 - 4",I12="1 - 4"),25,0)))))+IF(K12=G12,+75,0)+IF(L12="oui",+50,0))+0 -> 0
A15: Poule B | D15: Dates | E15: Rencontres | F15: Mes prono | G15: Mes scores | H15: Mes Booster | I15: Côte du prono | J15: Vainqueurs | K15: Les résultats | L15: Booster validé | M15: Points gagnés
A16: Equipe A | B16: Canada | D16: 46185 | E16: A vs D | F16: A | G16: 2 - 1 | I16: 2 - 4 | J16: nul | K16: 1 - 1 | M16: =IF(J16=F16,IF( OR(I16="3 - 1",I16="4 - 1",I16="4 - 2"),100,IF( OR(I16="2 - 1",I16="3 - 2",I16="4 - 3"),75,IF(I16="nul",60,IF( OR(I16="3 - 4",I16="2 - 3",I16="1 - 2"),50,IF( OR(I16="1 - 3",I16="2 - 4",I16="1 - 4"),25,0)))))+IF(K16=G16,+75,0)+IF(L16="oui",+50,0))+0 -> 0
A17: Equipe B | B17: Suisse | D17: 46186 | E17: B vs C | F17: B | G17: 1 - 0 | H17: B9 | I17: 1 - 3 | K17: ... | M17: =IF(J17=F17,IF( OR(I17="3 - 1",I17="4 - 1",I17="4 - 2"),100,IF( OR(I17="2 - 1",I17="3 - 2",I17="4 - 3"),75,IF(I17="nul",60,IF( OR(I17="3 - 4",I17="2 - 3",I17="1 - 2"),50,IF( OR(I17="1 - 3",I17="2 - 4",I17="1 - 4"),25,0)))))+IF(K17=G17,+75,0)+IF(L17="oui",+50,0))+0 -> 0
A18: Equipe C | B18: Qatar | D18: 46192 | E18: A vs C | F18: ... | K18: ... | M18: =IF(J18=F18,IF( OR(I18="3 - 1",I18="4 - 1",I18="4 - 2"),100,IF( OR(I18="2 - 1",I18="3 - 2",I18="4 - 3"),75,IF(I18="nul",60,IF( OR(I18="3 - 4",I18="2 - 3",I18="1 - 2"),50,IF( OR(I18="1 - 3",I18="2 - 4",I18="1 - 4"),25,0)))))+IF(K18=G18,+75,0)+IF(L18="oui",+50,0))+0 -> 0
A19: Equipe D | B19: Bosnie | D19: 46191 | E19: B vs D | F19: ... | K19: ... | M19: =IF(J19=F19,IF( OR(I19="3 - 1",I19="4 - 1",I19="4 - 2"),100,IF( OR(I19="2 - 1",I19="3 - 2",I19="4 - 3"),75,IF(I19="nul",60,IF( OR(I19="3 - 4",I19="2 - 3",I19="1 - 2"),50,IF( OR(I19="1 - 3",I19="2 - 4",I19="1 - 4"),25,0)))))+IF(K19=G19,+75,0)+IF(L19="oui",+50,0))+0 -> 0
D20: 46197 | E20: A vs B | F20: ... | K20: ... | M20: =IF(J20=F20,IF( OR(I20="3 - 1",I20="4 - 1",I20="4 - 2"),100,IF( OR(I20="2 - 1",I20="3 - 2",I20="4 - 3"),75,IF(I20="nul",60,IF( OR(I20="3 - 4",I20="2 - 3",I20="1 - 2"),50,IF( OR(I20="1 - 3",I20="2 - 4",I20="1 - 4"),25,0)))))+IF(K20=G20,+75,0)+IF(L20="oui",+50,0))+0 -> 0
D21: 46197 | E21: C vs D | F21: ... | K21: ... | M21: =IF(J21=F21,IF( OR(I21="3 - 1",I21="4 - 1",I21="4 - 2"),100,IF( OR(I21="2 - 1",I21="3 - 2",I21="4 - 3"),75,IF(I21="nul",60,IF( OR(I21="3 - 4",I21="2 - 3",I21="1 - 2"),50,IF( OR(I21="1 - 3",I21="2 - 4",I21="1 - 4"),25,0)))))+IF(K21=G21,+75,0)+IF(L21="oui",+50,0))+0 -> 0
A24: Poule C | D24: Dates | E24: Rencontres | F24: Mes prono | G24: Mes scores | H24: Mes Booster | I24: Côte du prono | J24: Vainqueurs | K24: Les résultats | L24: Booster validé | M24: Points gagnés
A25: Equipe A | B25: Bresil | D25: 46187 | E25: A vs B | F25: B | G25: 1 - 2 | I25: 2 - 1 | K25: ... | M25: =IF(J25=F25,IF( OR(I25="3 - 1",I25="4 - 1",I25="4 - 2"),100,IF( OR(I25="2 - 1",I25="3 - 2",I25="4 - 3"),75,IF(I25="nul",60,IF( OR(I25="3 - 4",I25="2 - 3",I25="1 - 2"),50,IF( OR(I25="1 - 3",I25="2 - 4",I25="1 - 4"),25,0)))))+IF(K25=G25,+75,0)+IF(L25="oui",+50,0))+0 -> 0
A26: Equipe B | B26: Maroc | D26: 46187 | E26: C vs D | F26: C | G26: 4 - 0 | I26: 3 - 4 | K26: ... | M26: =IF(J26=F26,IF( OR(I26="3 - 1",I26="4 - 1",I26="4 - 2"),100,IF( OR(I26="2 - 1",I26="3 - 2",I26="4 - 3"),75,IF(I26="nul",60,IF( OR(I26="3 - 4",I26="2 - 3",I26="1 - 2"),50,IF( OR(I26="1 - 3",I26="2 - 4",I26="1 - 4"),25,0)))))+IF(K26=G26,+75,0)+IF(L26="oui",+50,0))+0 -> 0
A27: Equipe C | B27: Ecosse | D27: 46193 | E27: A vs D | F27: ... | K27: ... | M27: =IF(J27=F27,IF( OR(I27="3 - 1",I27="4 - 1",I27="4 - 2"),100,IF( OR(I27="2 - 1",I27="3 - 2",I27="4 - 3"),75,IF(I27="nul",60,IF( OR(I27="3 - 4",I27="2 - 3",I27="1 - 2"),50,IF( OR(I27="1 - 3",I27="2 - 4",I27="1 - 4"),25,0)))))+IF(K27=G27,+75,0)+IF(L27="oui",+50,0))+0 -> 0
A28: Equipe D | B28: Haïti | D28: 46193 | E28: B vs C | F28: ... | K28: ... | M28: =IF(J28=F28,IF( OR(I28="3 - 1",I28="4 - 1",I28="4 - 2"),100,IF( OR(I28="2 - 1",I28="3 - 2",I28="4 - 3"),75,IF(I28="nul",60,IF( OR(I28="3 - 4",I28="2 - 3",I28="1 - 2"),50,IF( OR(I28="1 - 3",I28="2 - 4",I28="1 - 4"),25,0)))))+IF(K28=G28,+75,0)+IF(L28="oui",+50,0))+0 -> 0
D29: 46198 | E29: A vs C | F29: ... | K29: ... | M29: =IF(J29=F29,IF( OR(I29="3 - 1",I29="4 - 1",I29="4 - 2"),100,IF( OR(I29="2 - 1",I29="3 - 2",I29="4 - 3"),75,IF(I29="nul",60,IF( OR(I29="3 - 4",I29="2 - 3",I29="1 - 2"),50,IF( OR(I29="1 - 3",I29="2 - 4",I29="1 - 4"),25,0)))))+IF(K29=G29,+75,0)+IF(L29="oui",+50,0))+0 -> 0
D30: 46198 | E30: B vs D | F30: ... | K30: ... | M30: =IF(J30=F30,IF( OR(I30="3 - 1",I30="4 - 1",I30="4 - 2"),100,IF( OR(I30="2 - 1",I30="3 - 2",I30="4 - 3"),75,IF(I30="nul",60,IF( OR(I30="3 - 4",I30="2 - 3",I30="1 - 2"),50,IF( OR(I30="1 - 3",I30="2 - 4",I30="1 - 4"),25,0)))))+IF(K30=G30,+75,0)+IF(L30="oui",+50,0))+0 -> 0
A33: Poule D | D33: Dates | E33: Rencontres | F33: Mes prono | G33: Mes scores | H33: Mes Booster | I33: Côte du prono | J33: Vainqueurs | K33: Les résultats | L33: Booster validé | M33: Points gagnés
A34: Equipe A | B34: Etat Unis | D34: 46186 | E34: A vs C | F34: A | G34: 2 - 0 | I34: 1 - 4 | J34: A | K34: 4 - 1 | M34: =IF(J34=F34,IF( OR(I34="3 - 1",I34="4 - 1",I34="4 - 2"),100,IF( OR(I34="2 - 1",I34="3 - 2",I34="4 - 3"),75,IF(I34="nul",60,IF( OR(I34="3 - 4",I34="2 - 3",I34="1 - 2"),50,IF( OR(I34="1 - 3",I34="2 - 4",I34="1 - 4"),25,0)))))+IF(K34=G34,+75,0)+IF(L34="oui",+50,0))+0 -> 25
A35: Equipe B | B35: Australie | D35: 46187 | E35: B vs D | F35: D | G35: 0 - 1 | I35: 2 - 3 | K35: ... | M35: =IF(J35=F35,IF( OR(I35="3 - 1",I35="4 - 1",I35="4 - 2"),100,IF( OR(I35="2 - 1",I35="3 - 2",I35="4 - 3"),75,IF(I35="nul",60,IF( OR(I35="3 - 4",I35="2 - 3",I35="1 - 2"),50,IF( OR(I35="1 - 3",I35="2 - 4",I35="1 - 4"),25,0)))))+IF(K35=G35,+75,0)+IF(L35="oui",+50,0))+0 -> 0
A36: Equipe C | B36: Paraguay | D36: 46192 | E36: A vs B | F36: ... | K36: ... | M36: =IF(J36=F36,IF( OR(I36="3 - 1",I36="4 - 1",I36="4 - 2"),100,IF( OR(I36="2 - 1",I36="3 - 2",I36="4 - 3"),75,IF(I36="nul",60,IF( OR(I36="3 - 4",I36="2 - 3",I36="1 - 2"),50,IF( OR(I36="1 - 3",I36="2 - 4",I36="1 - 4"),25,0)))))+IF(K36=G36,+75,0)+IF(L36="oui",+50,0))+0 -> 0
A37: Equipe D | B37: Turquie | D37: 46193 | E37: C vs D | F37: ... | K37: ... | M37: =IF(J37=F37,IF( OR(I37="3 - 1",I37="4 - 1",I37="4 - 2"),100,IF( OR(I37="2 - 1",I37="3 - 2",I37="4 - 3"),75,IF(I37="nul",60,IF( OR(I37="3 - 4",I37="2 - 3",I37="1 - 2"),50,IF( OR(I37="1 - 3",I37="2 - 4",I37="1 - 4"),25,0)))))+IF(K37=G37,+75,0)+IF(L37="oui",+50,0))+0 -> 0
D38: 46199 | E38: A vs D | F38: ... | K38: ... | M38: =IF(J38=F38,IF( OR(I38="3 - 1",I38="4 - 1",I38="4 - 2"),100,IF( OR(I38="2 - 1",I38="3 - 2",I38="4 - 3"),75,IF(I38="nul",60,IF( OR(I38="3 - 4",I38="2 - 3",I38="1 - 2"),50,IF( OR(I38="1 - 3",I38="2 - 4",I38="1 - 4"),25,0)))))+IF(K38=G38,+75,0)+IF(L38="oui",+50,0))+0 -> 0
D39: 46199 | E39: B vs C | F39: ... | K39: ... | M39: =IF(J39=F39,IF( OR(I39="3 - 1",I39="4 - 1",I39="4 - 2"),100,IF( OR(I39="2 - 1",I39="3 - 2",I39="4 - 3"),75,IF(I39="nul",60,IF( OR(I39="3 - 4",I39="2 - 3",I39="1 - 2"),50,IF( OR(I39="1 - 3",I39="2 - 4",I39="1 - 4"),25,0)))))+IF(K39=G39,+75,0)+IF(L39="oui",+50,0))+0 -> 0
A42: Poule E | D42: Dates | E42: Rencontres | F42: Mes prono | G42: Mes scores | H42: Mes Booster | I42: Côte du prono | J42: Vainqueurs | K42: Les résultats | L42: Booster validé | M42: Points gagnés
A43: Equipe A | B43: Allemagne | D43: 46187 | E43: A vs D | F43: A | G43: 5 - 0 | I43: 1 - 4 | K43: ... | M43: =IF(J43=F43,IF( OR(I43="3 - 1",I43="4 - 1",I43="4 - 2"),100,IF( OR(I43="2 - 1",I43="3 - 2",I43="4 - 3"),75,IF(I43="nul",60,IF( OR(I43="3 - 4",I43="2 - 3",I43="1 - 2"),50,IF( OR(I43="1 - 3",I43="2 - 4",I43="1 - 4"),25,0)))))+IF(K43=G43,+75,0)+IF(L43="oui",+50,0))+0 -> 0
A44: Equipe B | B44: Equateur | D44: 46188 | E44: B vs C | F44: N | G44: 1 - 1 | I44: nul | K44: ... | M44: =IF(J44=F44,IF( OR(I44="3 - 1",I44="4 - 1",I44="4 - 2"),100,IF( OR(I44="2 - 1",I44="3 - 2",I44="4 - 3"),75,IF(I44="nul",60,IF( OR(I44="3 - 4",I44="2 - 3",I44="1 - 2"),50,IF( OR(I44="1 - 3",I44="2 - 4",I44="1 - 4"),25,0)))))+IF(K44=G44,+75,0)+IF(L44="oui",+50,0))+0 -> 0
A45: Equipe C | B45: Cote d'Ivoire | D45: 46193 | E45: A vs C | F45: ... | K45: ... | M45: =IF(J45=F45,IF( OR(I45="3 - 1",I45="4 - 1",I45="4 - 2"),100,IF( OR(I45="2 - 1",I45="3 - 2",I45="4 - 3"),75,IF(I45="nul",60,IF( OR(I45="3 - 4",I45="2 - 3",I45="1 - 2"),50,IF( OR(I45="1 - 3",I45="2 - 4",I45="1 - 4"),25,0)))))+IF(K45=G45,+75,0)+IF(L45="oui",+50,0))+0 -> 0
A46: Equipe D | B46: Curaçao | D46: 46194 | E46: B vs D | F46: ... | K46: ... | M46: =IF(J46=F46,IF( OR(I46="3 - 1",I46="4 - 1",I46="4 - 2"),100,IF( OR(I46="2 - 1",I46="3 - 2",I46="4 - 3"),75,IF(I46="nul",60,IF( OR(I46="3 - 4",I46="2 - 3",I46="1 - 2"),50,IF( OR(I46="1 - 3",I46="2 - 4",I46="1 - 4"),25,0)))))+IF(K46=G46,+75,0)+IF(L46="oui",+50,0))+0 -> 0
D47: 46198 | E47: A vs B | F47: ... | K47: ... | M47: =IF(J47=F47,IF( OR(I47="3 - 1",I47="4 - 1",I47="4 - 2"),100,IF( OR(I47="2 - 1",I47="3 - 2",I47="4 - 3"),75,IF(I47="nul",60,IF( OR(I47="3 - 4",I47="2 - 3",I47="1 - 2"),50,IF( OR(I47="1 - 3",I47="2 - 4",I47="1 - 4"),25,0)))))+IF(K47=G47,+75,0)+IF(L47="oui",+50,0))+0 -> 0
D48: 46198 | E48: C vs D | F48: ... | K48: ... | M48: =IF(J48=F48,IF( OR(I48="3 - 1",I48="4 - 1",I48="4 - 2"),100,IF( OR(I48="2 - 1",I48="3 - 2",I48="4 - 3"),75,IF(I48="nul",60,IF( OR(I48="3 - 4",I48="2 - 3",I48="1 - 2"),50,IF( OR(I48="1 - 3",I48="2 - 4",I48="1 - 4"),25,0)))))+IF(K48=G48,+75,0)+IF(L48="oui",+50,0))+0 -> 0
A51: Poule F | D51: Dates | E51: Rencontres | F51: Mes prono | G51: Mes scores | H51: Mes Booster | I51: Côte du prono | J51: Vainqueurs | K51: Les résultats | L51: Booster validé | M51: Points gagnés
A52: Equipe A | B52: Pays Bas | D52: 46187 | E52: A vs B | F52: N | G52: 1 - 1 | H52: B19 | I52: nul | K52: ... | M52: =IF(J52=F52,IF( OR(I52="3 - 1",I52="4 - 1",I52="4 - 2"),100,IF( OR(I52="2 - 1",I52="3 - 2",I52="4 - 3"),75,IF(I52="nul",60,IF( OR(I52="3 - 4",I52="2 - 3",I52="1 - 2"),50,IF( OR(I52="1 - 3",I52="2 - 4",I52="1 - 4"),25,0)))))+IF(K52=G52,+75,0)+IF(L52="oui",+50,0))+0 -> 0
A53: Equipe B | B53: Japon | D53: 46188 | E53: C vs D | F53: D | G53: 1 - 2 | I53: 3 - 4 | K53: ... | M53: =IF(J53=F53,IF( OR(I53="3 - 1",I53="4 - 1",I53="4 - 2"),100,IF( OR(I53="2 - 1",I53="3 - 2",I53="4 - 3"),75,IF(I53="nul",60,IF( OR(I53="3 - 4",I53="2 - 3",I53="1 - 2"),50,IF( OR(I53="1 - 3",I53="2 - 4",I53="1 - 4"),25,0)))))+IF(K53=G53,+75,0)+IF(L53="oui",+50,0))+0 -> 0
A54: Equipe C | B54: Tunisie | D54: 46193 | E54: A vs D | F54: ... | K54: ... | M54: =IF(J54=F54,IF( OR(I54="3 - 1",I54="4 - 1",I54="4 - 2"),100,IF( OR(I54="2 - 1",I54="3 - 2",I54="4 - 3"),75,IF(I54="nul",60,IF( OR(I54="3 - 4",I54="2 - 3",I54="1 - 2"),50,IF( OR(I54="1 - 3",I54="2 - 4",I54="1 - 4"),25,0)))))+IF(K54=G54,+75,0)+IF(L54="oui",+50,0))+0 -> 0
A55: Equipe D | B55: Suede | D55: 46194 | E55: B vs C | F55: ... | K55: ... | M55: =IF(J55=F55,IF( OR(I55="3 - 1",I55="4 - 1",I55="4 - 2"),100,IF( OR(I55="2 - 1",I55="3 - 2",I55="4 - 3"),75,IF(I55="nul",60,IF( OR(I55="3 - 4",I55="2 - 3",I55="1 - 2"),50,IF( OR(I55="1 - 3",I55="2 - 4",I55="1 - 4"),25,0)))))+IF(K55=G55,+75,0)+IF(L55="oui",+50,0))+0 -> 0
D56: 46199 | E56: A vs C | F56: ... | K56: ... | M56: =IF(J56=F56,IF( OR(I56="3 - 1",I56="4 - 1",I56="4 - 2"),100,IF( OR(I56="2 - 1",I56="3 - 2",I56="4 - 3"),75,IF(I56="nul",60,IF( OR(I56="3 - 4",I56="2 - 3",I56="1 - 2"),50,IF( OR(I56="1 - 3",I56="2 - 4",I56="1 - 4"),25,0)))))+IF(K56=G56,+75,0)+IF(L56="oui",+50,0))+0 -> 0
D57: 46199 | E57: B vs D | F57: ... | K57: ... | M57: =IF(J57=F57,IF( OR(I57="3 - 1",I57="4 - 1",I57="4 - 2"),100,IF( OR(I57="2 - 1",I57="3 - 2",I57="4 - 3"),75,IF(I57="nul",60,IF( OR(I57="3 - 4",I57="2 - 3",I57="1 - 2"),50,IF( OR(I57="1 - 3",I57="2 - 4",I57="1 - 4"),25,0)))))+IF(K57=G57,+75,0)+IF(L57="oui",+50,0))+0 -> 0
A60: Poule G | D60: Dates | E60: Rencontres | F60: Mes prono | G60: Mes scores | H60: Mes Booster | I60: Côte du prono | J60: Vainqueurs | K60: Les résultats | L60: Booster validé | M60: Points gagnés
A61: Equipe A | B61: Belgique | D61: 46188 | E61: A vs C | F61: A | G61: 1 - 0 | I61: 1 - 3 | K61: ... | M61: =IF(J61=F61,IF( OR(I61="3 - 1",I61="4 - 1",I61="4 - 2"),100,IF( OR(I61="2 - 1",I61="3 - 2",I61="4 - 3"),75,IF(I61="nul",60,IF( OR(I61="3 - 4",I61="2 - 3",I61="1 - 2"),50,IF( OR(I61="1 - 3",I61="2 - 4",I61="1 - 4"),25,0)))))+IF(K61=G61,+75,0)+IF(L61="oui",+50,0))+0 -> 0
A62: Equipe B | B62: Iran | D62: 46189 | E62: B vs D | F62: ... | K62: ... | M62: =IF(J62=F62,IF( OR(I62="3 - 1",I62="4 - 1",I62="4 - 2"),100,IF( OR(I62="2 - 1",I62="3 - 2",I62="4 - 3"),75,IF(I62="nul",60,IF( OR(I62="3 - 4",I62="2 - 3",I62="1 - 2"),50,IF( OR(I62="1 - 3",I62="2 - 4",I62="1 - 4"),25,0)))))+IF(K62=G62,+75,0)+IF(L62="oui",+50,0))+0 -> 0
A63: Equipe C | B63: Egypte | D63: 46194 | E63: A vs B | F63: ... | K63: ... | M63: =IF(J63=F63,IF( OR(I63="3 - 1",I63="4 - 1",I63="4 - 2"),100,IF( OR(I63="2 - 1",I63="3 - 2",I63="4 - 3"),75,IF(I63="nul",60,IF( OR(I63="3 - 4",I63="2 - 3",I63="1 - 2"),50,IF( OR(I63="1 - 3",I63="2 - 4",I63="1 - 4"),25,0)))))+IF(K63=G63,+75,0)+IF(L63="oui",+50,0))+0 -> 0
A64: Equipe D | B64: Nouvelle Zelande | D64: 46195 | E64: C vs D | F64: ... | K64: ... | M64: =IF(J64=F64,IF( OR(I64="3 - 1",I64="4 - 1",I64="4 - 2"),100,IF( OR(I64="2 - 1",I64="3 - 2",I64="4 - 3"),75,IF(I64="nul",60,IF( OR(I64="3 - 4",I64="2 - 3",I64="1 - 2"),50,IF( OR(I64="1 - 3",I64="2 - 4",I64="1 - 4"),25,0)))))+IF(K64=G64,+75,0)+IF(L64="oui",+50,0))+0 -> 0
D65: 46200 | E65: A vs D | F65: ... | K65: ... | M65: =IF(J65=F65,IF( OR(I65="3 - 1",I65="4 - 1",I65="4 - 2"),100,IF( OR(I65="2 - 1",I65="3 - 2",I65="4 - 3"),75,IF(I65="nul",60,IF( OR(I65="3 - 4",I65="2 - 3",I65="1 - 2"),50,IF( OR(I65="1 - 3",I65="2 - 4",I65="1 - 4"),25,0)))))+IF(K65=G65,+75,0)+IF(L65="oui",+50,0))+0 -> 0
D66: 46200 | E66: B vs C | F66: ... | K66: ... | M66: =IF(J66=F66,IF( OR(I66="3 - 1",I66="4 - 1",I66="4 - 2"),100,IF( OR(I66="2 - 1",I66="3 - 2",I66="4 - 3"),75,IF(I66="nul",60,IF( OR(I66="3 - 4",I66="2 - 3",I66="1 - 2"),50,IF( OR(I66="1 - 3",I66="2 - 4",I66="1 - 4"),25,0)))))+IF(K66=G66,+75,0)+IF(L66="oui",+50,0))+0 -> 0
A69: Poule H | D69: Dates | E69: Rencontres | F69: Mes prono | G69: Mes scores | H69: Mes Booster | I69: Côte du prono | J69: Vainqueurs | K69: Les résultats | L69: Booster validé | M69: Points gagnés
A70: Equipe A | B70: Espagne | D70: 46188 | E70: A vs D | F70: A | G70: 4 - 0 | H70: B26 | I70: 1 - 4 | K70: ... | M70: =IF(J70=F70,IF( OR(I70="3 - 1",I70="4 - 1",I70="4 - 2"),100,IF( OR(I70="2 - 1",I70="3 - 2",I70="4 - 3"),75,IF(I70="nul",60,IF( OR(I70="3 - 4",I70="2 - 3",I70="1 - 2"),50,IF( OR(I70="1 - 3",I70="2 - 4",I70="1 - 4"),25,0)))))+IF(K70=G70,+75,0)+IF(L70="oui",+50,0))+0 -> 0
A71: Equipe B | B71: Uruguay | D71: 46189 | E71: B vs C | F71: ... | K71: ... | M71: =IF(J71=F71,IF( OR(I71="3 - 1",I71="4 - 1",I71="4 - 2"),100,IF( OR(I71="2 - 1",I71="3 - 2",I71="4 - 3"),75,IF(I71="nul",60,IF( OR(I71="3 - 4",I71="2 - 3",I71="1 - 2"),50,IF( OR(I71="1 - 3",I71="2 - 4",I71="1 - 4"),25,0)))))+IF(K71=G71,+75,0)+IF(L71="oui",+50,0))+0 -> 0
A72: Equipe C | B72: Arabie Saoudite | D72: 46194 | E72: A vs C | F72: ... | K72: ... | M72: =IF(J72=F72,IF( OR(I72="3 - 1",I72="4 - 1",I72="4 - 2"),100,IF( OR(I72="2 - 1",I72="3 - 2",I72="4 - 3"),75,IF(I72="nul",60,IF( OR(I72="3 - 4",I72="2 - 3",I72="1 - 2"),50,IF( OR(I72="1 - 3",I72="2 - 4",I72="1 - 4"),25,0)))))+IF(K72=G72,+75,0)+IF(L72="oui",+50,0))+0 -> 0
A73: Equipe D | B73: Cap Vert | D73: 46195 | E73: B vs D | F73: ... | K73: ... | M73: =IF(J73=F73,IF( OR(I73="3 - 1",I73="4 - 1",I73="4 - 2"),100,IF( OR(I73="2 - 1",I73="3 - 2",I73="4 - 3"),75,IF(I73="nul",60,IF( OR(I73="3 - 4",I73="2 - 3",I73="1 - 2"),50,IF( OR(I73="1 - 3",I73="2 - 4",I73="1 - 4"),25,0)))))+IF(K73=G73,+75,0)+IF(L73="oui",+50,0))+0 -> 0
D74: 46200 | E74: A vs B | F74: ... | K74: ... | M74: =IF(J74=F74,IF( OR(I74="3 - 1",I74="4 - 1",I74="4 - 2"),100,IF( OR(I74="2 - 1",I74="3 - 2",I74="4 - 3"),75,IF(I74="nul",60,IF( OR(I74="3 - 4",I74="2 - 3",I74="1 - 2"),50,IF( OR(I74="1 - 3",I74="2 - 4",I74="1 - 4"),25,0)))))+IF(K74=G74,+75,0)+IF(L74="oui",+50,0))+0 -> 0
D75: 46200 | E75: C vs D | F75: ... | K75: ... | M75: =IF(J75=F75,IF( OR(I75="3 - 1",I75="4 - 1",I75="4 - 2"),100,IF( OR(I75="2 - 1",I75="3 - 2",I75="4 - 3"),75,IF(I75="nul",60,IF( OR(I75="3 - 4",I75="2 - 3",I75="1 - 2"),50,IF( OR(I75="1 - 3",I75="2 - 4",I75="1 - 4"),25,0)))))+IF(K75=G75,+75,0)+IF(L75="oui",+50,0))+0 -> 0
A78: Poule I | D78: Dates | E78: Rencontres | F78: Mes prono | G78: Mes scores | H78: Mes Booster | I78: Côte du prono | J78: Vainqueurs | K78: Les résultats | L78: Booster validé | M78: Points gagnés
A79: Equipe A | B79: France | D79: 46189 | E79: A vs B | F79: ... | K79: ... | M79: =IF(J79=F79,IF( OR(I79="3 - 1",I79="4 - 1",I79="4 - 2"),100,IF( OR(I79="2 - 1",I79="3 - 2",I79="4 - 3"),75,IF(I79="nul",60,IF( OR(I79="3 - 4",I79="2 - 3",I79="1 - 2"),50,IF( OR(I79="1 - 3",I79="2 - 4",I79="1 - 4"),25,0)))))+IF(K79=G79,+75,0)+IF(L79="oui",+50,0))+0 -> 0
A80: Equipe B | B80: Senegal | D80: 46190 | E80: C vs D | F80: ... | K80: ... | M80: =IF(J80=F80,IF( OR(I80="3 - 1",I80="4 - 1",I80="4 - 2"),100,IF( OR(I80="2 - 1",I80="3 - 2",I80="4 - 3"),75,IF(I80="nul",60,IF( OR(I80="3 - 4",I80="2 - 3",I80="1 - 2"),50,IF( OR(I80="1 - 3",I80="2 - 4",I80="1 - 4"),25,0)))))+IF(K80=G80,+75,0)+IF(L80="oui",+50,0))+0 -> 0
A81: Equipe C | B81: Norvege | D81: 46195 | E81: A vs D | F81: ... | K81: ... | M81: =IF(J81=F81,IF( OR(I81="3 - 1",I81="4 - 1",I81="4 - 2"),100,IF( OR(I81="2 - 1",I81="3 - 2",I81="4 - 3"),75,IF(I81="nul",60,IF( OR(I81="3 - 4",I81="2 - 3",I81="1 - 2"),50,IF( OR(I81="1 - 3",I81="2 - 4",I81="1 - 4"),25,0)))))+IF(K81=G81,+75,0)+IF(L81="oui",+50,0))+0 -> 0
A82: Equipe D | B82: Irak | D82: 46196 | E82: B vs C | F82: ... | K82: ... | M82: =IF(J82=F82,IF( OR(I82="3 - 1",I82="4 - 1",I82="4 - 2"),100,IF( OR(I82="2 - 1",I82="3 - 2",I82="4 - 3"),75,IF(I82="nul",60,IF( OR(I82="3 - 4",I82="2 - 3",I82="1 - 2"),50,IF( OR(I82="1 - 3",I82="2 - 4",I82="1 - 4"),25,0)))))+IF(K82=G82,+75,0)+IF(L82="oui",+50,0))+0 -> 0
D83: 46199 | E83: A vs C | F83: ... | K83: ... | M83: =IF(J83=F83,IF( OR(I83="3 - 1",I83="4 - 1",I83="4 - 2"),100,IF( OR(I83="2 - 1",I83="3 - 2",I83="4 - 3"),75,IF(I83="nul",60,IF( OR(I83="3 - 4",I83="2 - 3",I83="1 - 2"),50,IF( OR(I83="1 - 3",I83="2 - 4",I83="1 - 4"),25,0)))))+IF(K83=G83,+75,0)+IF(L83="oui",+50,0))+0 -> 0
D84: 46199 | E84: B vs D | F84: ... | K84: ... | M84: =IF(J84=F84,IF( OR(I84="3 - 1",I84="4 - 1",I84="4 - 2"),100,IF( OR(I84="2 - 1",I84="3 - 2",I84="4 - 3"),75,IF(I84="nul",60,IF( OR(I84="3 - 4",I84="2 - 3",I84="1 - 2"),50,IF( OR(I84="1 - 3",I84="2 - 4",I84="1 - 4"),25,0)))))+IF(K84=G84,+75,0)+IF(L84="oui",+50,0))+0 -> 0
A87: Poule J | D87: Dates | E87: Rencontres | F87: Mes prono | G87: Mes scores | H87: Mes Booster | I87: Côte du prono | J87: Vainqueurs | K87: Les résultats | L87: Booster validé | M87: Points gagnés
A88: Equipe A | B88: Argentine | D88: 46190 | E88: A vs C | F88: ... | K88: ... | M88: =IF(J88=F88,IF( OR(I88="3 - 1",I88="4 - 1",I88="4 - 2"),100,IF( OR(I88="2 - 1",I88="3 - 2",I88="4 - 3"),75,IF(I88="nul",60,IF( OR(I88="3 - 4",I88="2 - 3",I88="1 - 2"),50,IF( OR(I88="1 - 3",I88="2 - 4",I88="1 - 4"),25,0)))))+IF(K88=G88,+75,0)+IF(L88="oui",+50,0))+0 -> 0
A89: Equipe B | B89: Autriche | D89: 46190 | E89: B vs D | F89: ... | K89: ... | M89: =IF(J89=F89,IF( OR(I89="3 - 1",I89="4 - 1",I89="4 - 2"),100,IF( OR(I89="2 - 1",I89="3 - 2",I89="4 - 3"),75,IF(I89="nul",60,IF( OR(I89="3 - 4",I89="2 - 3",I89="1 - 2"),50,IF( OR(I89="1 - 3",I89="2 - 4",I89="1 - 4"),25,0)))))+IF(K89=G89,+75,0)+IF(L89="oui",+50,0))+0 -> 0
A90: Equipe C | B90: Algerie | D90: 46195 | E90: A vs B | F90: ... | K90: ... | M90: =IF(J90=F90,IF( OR(I90="3 - 1",I90="4 - 1",I90="4 - 2"),100,IF( OR(I90="2 - 1",I90="3 - 2",I90="4 - 3"),75,IF(I90="nul",60,IF( OR(I90="3 - 4",I90="2 - 3",I90="1 - 2"),50,IF( OR(I90="1 - 3",I90="2 - 4",I90="1 - 4"),25,0)))))+IF(K90=G90,+75,0)+IF(L90="oui",+50,0))+0 -> 0
A91: Equipe D | B91: Jordanie | D91: 46196 | E91: C vs D | F91: ... | K91: ... | M91: =IF(J91=F91,IF( OR(I91="3 - 1",I91="4 - 1",I91="4 - 2"),100,IF( OR(I91="2 - 1",I91="3 - 2",I91="4 - 3"),75,IF(I91="nul",60,IF( OR(I91="3 - 4",I91="2 - 3",I91="1 - 2"),50,IF( OR(I91="1 - 3",I91="2 - 4",I91="1 - 4"),25,0)))))+IF(K91=G91,+75,0)+IF(L91="oui",+50,0))+0 -> 0
D92: 46201 | E92: A vs D | F92: ... | K92: ... | M92: =IF(J92=F92,IF( OR(I92="3 - 1",I92="4 - 1",I92="4 - 2"),100,IF( OR(I92="2 - 1",I92="3 - 2",I92="4 - 3"),75,IF(I92="nul",60,IF( OR(I92="3 - 4",I92="2 - 3",I92="1 - 2"),50,IF( OR(I92="1 - 3",I92="2 - 4",I92="1 - 4"),25,0)))))+IF(K92=G92,+75,0)+IF(L92="oui",+50,0))+0 -> 0
D93: 46201 | E93: B vs C | F93: ... | K93: ... | M93: =IF(J93=F93,IF( OR(I93="3 - 1",I93="4 - 1",I93="4 - 2"),100,IF( OR(I93="2 - 1",I93="3 - 2",I93="4 - 3"),75,IF(I93="nul",60,IF( OR(I93="3 - 4",I93="2 - 3",I93="1 - 2"),50,IF( OR(I93="1 - 3",I93="2 - 4",I93="1 - 4"),25,0)))))+IF(K93=G93,+75,0)+IF(L93="oui",+50,0))+0 -> 0
A96: Poule K | D96: Dates | E96: Rencontres | F96: Mes prono | G96: Mes scores | H96: Mes Booster | I96: Côte du prono | J96: Vainqueurs | K96: Les résultats | L96: Booster validé | M96: Points gagnés
A97: Equipe A | B97: Portugal | D97: 46190 | E97: A vs D | F97: ... | K97: - | M97: =IF(J97=F97,IF( OR(I97="3 - 1",I97="4 - 1",I97="4 - 2"),100,IF( OR(I97="2 - 1",I97="3 - 2",I97="4 - 3"),75,IF(I97="nul",60,IF( OR(I97="3 - 4",I97="2 - 3",I97="1 - 2"),50,IF( OR(I97="1 - 3",I97="2 - 4",I97="1 - 4"),25,0)))))+IF(K97=G97,+75,0)+IF(L97="oui",+50,0))+0 -> 0
A98: Equipe B | B98: Colombie | D98: 46191 | E98: B vs C | F98: ... | K98: - | M98: =IF(J98=F98,IF( OR(I98="3 - 1",I98="4 - 1",I98="4 - 2"),100,IF( OR(I98="2 - 1",I98="3 - 2",I98="4 - 3"),75,IF(I98="nul",60,IF( OR(I98="3 - 4",I98="2 - 3",I98="1 - 2"),50,IF( OR(I98="1 - 3",I98="2 - 4",I98="1 - 4"),25,0)))))+IF(K98=G98,+75,0)+IF(L98="oui",+50,0))+0 -> 0
A99: Equipe C | B99: Ouzbekistan | D99: 46196 | E99: A vs C | F99: ... | K99: - | M99: =IF(J99=F99,IF( OR(I99="3 - 1",I99="4 - 1",I99="4 - 2"),100,IF( OR(I99="2 - 1",I99="3 - 2",I99="4 - 3"),75,IF(I99="nul",60,IF( OR(I99="3 - 4",I99="2 - 3",I99="1 - 2"),50,IF( OR(I99="1 - 3",I99="2 - 4",I99="1 - 4"),25,0)))))+IF(K99=G99,+75,0)+IF(L99="oui",+50,0))+0 -> 0
A100: Equipe D | B100: RD Congo | D100: 46197 | E100: B vs D | F100: ... | K100: - | M100: =IF(J100=F100,IF( OR(I100="3 - 1",I100="4 - 1",I100="4 - 2"),100,IF( OR(I100="2 - 1",I100="3 - 2",I100="4 - 3"),75,IF(I100="nul",60,IF( OR(I100="3 - 4",I100="2 - 3",I100="1 - 2"),50,IF( OR(I100="1 - 3",I100="2 - 4",I100="1 - 4"),25,0)))))+IF(K100=G100,+75,0)+IF(L100="oui",+50,0))+0 -> 0
D101: 46201 | E101: A vs B | F101: ... | K101: - | M101: =IF(J101=F101,IF( OR(I101="3 - 1",I101="4 - 1",I101="4 - 2"),100,IF( OR(I101="2 - 1",I101="3 - 2",I101="4 - 3"),75,IF(I101="nul",60,IF( OR(I101="3 - 4",I101="2 - 3",I101="1 - 2"),50,IF( OR(I101="1 - 3",I101="2 - 4",I101="1 - 4"),25,0)))))+IF(K101=G101,+75,0)+IF(L101="oui",+50,0))+0 -> 0
D102: 46201 | E102: C vs D | F102: ... | K102: - | M102: =IF(J102=F102,IF( OR(I102="3 - 1",I102="4 - 1",I102="4 - 2"),100,IF( OR(I102="2 - 1",I102="3 - 2",I102="4 - 3"),75,IF(I102="nul",60,IF( OR(I102="3 - 4",I102="2 - 3",I102="1 - 2"),50,IF( OR(I102="1 - 3",I102="2 - 4",I102="1 - 4"),25,0)))))+IF(K102=G102,+75,0)+IF(L102="oui",+50,0))+0 -> 0
A105: Poule L | D105: Dates | E105: Rencontres | F105: Mes prono | G105: Mes scores | H105: Mes Booster | I105: Côte du prono | J105: Vainqueurs | K105: Les résultats | L105: Booster validé | M105: Points gagnés
A106: Equipe A | B106: Angleterre | D106: 46190 | E106: A vs B | F106: ... | K106: - | M106: =IF(J106=F106,IF( OR(I106="3 - 1",I106="4 - 1",I106="4 - 2"),100,IF( OR(I106="2 - 1",I106="3 - 2",I106="4 - 3"),75,IF(I106="nul",60,IF( OR(I106="3 - 4",I106="2 - 3",I106="1 - 2"),50,IF( OR(I106="1 - 3",I106="2 - 4",I106="1 - 4"),25,0)))))+IF(K106=G106,+75,0)+IF(L106="oui",+50,0))+0 -> 0
A107: Equipe B | B107: Croacie | D107: 46191 | E107: C vs D | F107: ... | K107: - | M107: =IF(J107=F107,IF( OR(I107="3 - 1",I107="4 - 1",I107="4 - 2"),100,IF( OR(I107="2 - 1",I107="3 - 2",I107="4 - 3"),75,IF(I107="nul",60,IF( OR(I107="3 - 4",I107="2 - 3",I107="1 - 2"),50,IF( OR(I107="1 - 3",I107="2 - 4",I107="1 - 4"),25,0)))))+IF(K107=G107,+75,0)+IF(L107="oui",+50,0))+0 -> 0
A108: Equipe C | B108: Panama | D108: 46196 | E108: A vs D | F108: ... | K108: - | M108: =IF(J108=F108,IF( OR(I108="3 - 1",I108="4 - 1",I108="4 - 2"),100,IF( OR(I108="2 - 1",I108="3 - 2",I108="4 - 3"),75,IF(I108="nul",60,IF( OR(I108="3 - 4",I108="2 - 3",I108="1 - 2"),50,IF( OR(I108="1 - 3",I108="2 - 4",I108="1 - 4"),25,0)))))+IF(K108=G108,+75,0)+IF(L108="oui",+50,0))+0 -> 0
A109: Equipe D | B109: Ghana | D109: 46197 | E109: B vs C | F109: ... | K109: - | M109: =IF(J109=F109,IF( OR(I109="3 - 1",I109="4 - 1",I109="4 - 2"),100,IF( OR(I109="2 - 1",I109="3 - 2",I109="4 - 3"),75,IF(I109="nul",60,IF( OR(I109="3 - 4",I109="2 - 3",I109="1 - 2"),50,IF( OR(I109="1 - 3",I109="2 - 4",I109="1 - 4"),25,0)))))+IF(K109=G109,+75,0)+IF(L109="oui",+50,0))+0 -> 0
D110: 46200 | E110: A vs C | F110: ... | K110: - | M110: =IF(J110=F110,IF( OR(I110="3 - 1",I110="4 - 1",I110="4 - 2"),100,IF( OR(I110="2 - 1",I110="3 - 2",I110="4 - 3"),75,IF(I110="nul",60,IF( OR(I110="3 - 4",I110="2 - 3",I110="1 - 2"),50,IF( OR(I110="1 - 3",I110="2 - 4",I110="1 - 4"),25,0)))))+IF(K110=G110,+75,0)+IF(L110="oui",+50,0))+0 -> 0
D111: 46200 | E111: B vs D | F111: ... | K111: - | M111: =IF(J111=F111,IF( OR(I111="3 - 1",I111="4 - 1",I111="4 - 2"),100,IF( OR(I111="2 - 1",I111="3 - 2",I111="4 - 3"),75,IF(I111="nul",60,IF( OR(I111="3 - 4",I111="2 - 3",I111="1 - 2"),50,IF( OR(I111="1 - 3",I111="2 - 4",I111="1 - 4"),25,0)))))+IF(K111=G111,+75,0)+IF(L111="oui",+50,0))+0 -> 0

Sheet Dams 2
C2: Phase à éliminations directs
C3: Dates | D3: Rencontre | E3: Equipes | F3: Mes prono | G3: Mes scores | H3: Mes Booster | I3: Côte du prono | J3: Vainqueurs | K3: Les résultats | L3: Booster validé | M3: Points gagnés
C4: 46201 | D4: Match 73 | K4: - | M4: =IF(L4="oui",50,0)+IF(J4=F4,IF(I4="R",75,IF(I4="S",25,0))+IF(K4=G4,+75,0),0) -> 0
C5: 46202 | D5: Match 74 | K5: - | M5: =IF(L5="oui",50,0)+IF(J5=F5,IF(I5=75,75,IF(I5=25,25,0))+IF(K5=G5,+75,0),0) -> 0
C6: 46202 | D6: Match 76 | K6: - | M6: =IF(L6="oui",50,0)+IF(J6=F6,IF(I6=75,75,IF(I6=25,25,0))+IF(K6=G6,+75,0),0) -> 0
C7: 46203 | D7: Match 75 | K7: - | M7: =IF(L7="oui",50,0)+IF(J7=F7,IF(I7=75,75,IF(I7=25,25,0))+IF(K7=G7,+75,0),0) -> 0
C8: 46203 | D8: Match 77 | K8: - | M8: =IF(L8="oui",50,0)+IF(J8=F8,IF(I8=75,75,IF(I8=25,25,0))+IF(K8=G8,+75,0),0) -> 0
C9: 46203 | D9: Match 78 | K9: - | M9: =IF(L9="oui",50,0)+IF(J9=F9,IF(I9=75,75,IF(I9=25,25,0))+IF(K9=G9,+75,0),0) -> 0
C10: 46204 | D10: Match 79 | K10: - | M10: =IF(L10="oui",50,0)+IF(J10=F10,IF(I10=75,75,IF(I10=25,25,0))+IF(K10=G10,+75,0),0) -> 0
C11: 46204 | D11: Match 80 | K11: - | M11: =IF(L11="oui",50,0)+IF(J11=F11,IF(I11=75,75,IF(I11=25,25,0))+IF(K11=G11,+75,0),0) -> 0
C12: 46204 | D12: Match 82 | K12: - | M12: =IF(L12="oui",50,0)+IF(J12=F12,IF(I12=75,75,IF(I12=25,25,0))+IF(K12=G12,+75,0),0) -> 0
C13: 46205 | D13: Match 81 | K13: - | M13: =IF(L13="oui",50,0)+IF(J13=F13,IF(I13=75,75,IF(I13=25,25,0))+IF(K13=G13,+75,0),0) -> 0
C14: 46205 | D14: Match 84 | K14: - | M14: =IF(L14="oui",50,0)+IF(J14=F14,IF(I14=75,75,IF(I14=25,25,0))+IF(K14=G14,+75,0),0) -> 0
C15: 46206 | D15: Match 83 | K15: - | M15: =IF(L15="oui",50,0)+IF(J15=F15,IF(I15=75,75,IF(I15=25,25,0))+IF(K15=G15,+75,0),0) -> 0
C16: 46206 | D16: Match 85 | K16: - | M16: =IF(L16="oui",50,0)+IF(J16=F16,IF(I16=75,75,IF(I16=25,25,0))+IF(K16=G16,+75,0),0) -> 0
... C19: 46207 | D19: Match 87 | K19: - | M19: =IF(L19="oui",50,0)+IF(J19=F19,IF(I19=75,75,IF(I19=25,25,0))+IF(K19=G19,+75,0),0) -> 0
C21: Huitièmes de finale
C22: Dates | D22: Rencontre | F22: Mes prono | G22: Mes scores | H22: Mes Booster | I22: Côte du prono | J22: Vainqueurs | K22: Les résultats | L22: Booster validé | M22: Points gagnés
C23: 46207 | D23: Match 89 | K23: - | M23: =IF(L23="oui",50,0)+IF(J23=F23,IF(I23=75,75,IF(I23=25,25,0))+IF(K23=G23,+75,0),0) -> 0
C24: 46207 | D24: Match 90 | K24: - | M24: =IF(L24="oui",50,0)+IF(J24=F24,IF(I24=75,75,IF(I24=25,25,0))+IF(K24=G24,+75,0),0) -> 0
C25: 46208 | D25: Match 91 | K25: - | M25: =IF(L25="oui",50,0)+IF(J25=F25,IF(I25=75,75,IF(I25=25,25,0))+IF(K25=G25,+75,0),0) -> 0
C26: 46209 | D26: Match 92 | K26: - | M26: =IF(L26="oui",50,0)+IF(J26=F26,IF(I26=75,75,IF(I26=25,25,0))+IF(K26=G26,+75,0),0) -> 0
C27: 46209 | D27: Match 93 | K27: - | M27: =IF(L27="oui",50,0)+IF(J27=F27,IF(I27=75,75,IF(I27=25,25,0))+IF(K27=G27,+75,0),0) -> 0
C28: 46210 | D28: Match 94 | K28: - | M28: =IF(L28="oui",50,0)+IF(J28=F28,IF(I28=75,75,IF(I28=25,25,0))+IF(K28=G28,+75,0),0) -> 0
C29: 46210 | D29: Match 95 | K29: - | M29: =IF(L29="oui",50,0)+IF(J29=F29,IF(I29=75,75,IF(I29=25,25,0))+IF(K29=G29,+75,0),0) -> 0
C30: 46210 | D30: Match 96 | K30: - | M30: =IF(L30="oui",50,0)+IF(J30=F30,IF(I30=75,75,IF(I30=25,25,0))+IF(K30=G30,+75,0),0) -> 0
C32: Quarts de finale
C33: Dates | D33: Rencontre | F33: Mes prono | G33: Mes scores | H33: Mes Booster | I33: Côte du prono | J33: Vainqueurs | K33: Les résultats | L33: Booster validé | M33: Points gagnés
C34: 46212 | D34: Match 97 | K34: -
C35: 46213 | D35: Match 98 | K35: -
C36: 46214 | D36: Match 99 | K36: -
C37: 46215 | D37: Match 100 | K37: -
C39: Demi-finales
C40: Dates | D40: Rencontre | F40: Mes prono | G40: Mes scores | H40: Mes Booster | I40: Côte du prono | J40: Vainqueurs | K40: Les résultats | L40: Booster validé | M40: Points gagnés
C41: 46217 | D41: Match 101 | K41: -
C42: 46218 | D42: Match 102 | K42: -
C44: Finales
C45: Dates | D45: Rencontre | F45: Mes prono | G45: Mes scores | H45: Mes Booster | I45: Côte du prono | J45: Vainqueurs | K45: Les résultats | L45: Booster validé | M45: Points gagnés
C46: 46221 | D46: Match 103 | K46: -
C47: 46222 | D47: Match 104 | K47: -

Sheet Stan 1
B1: Joueur : Stan | C1: Meilleur buteur de la CDM : | F1: mbappe
C2: Meilleur passeur de la CDM : | F2: Bruno Fernandes
C3: Meilleur joueur de la CDM : | F3: olise
C4: Gagnant de la CDM : | F4: France
A6: Poule A | D6: Dates | E6: Rencontres | F6: Mes prono | G6: Mes scores | H6: Mes Booster | I6: Côte du prono | J6: Vainqueurs | K6: Les résultats | L6: Booster validé | M6: Points gagnés
A7: Equipe A | B7: Mexique | D7: 46184 | E7: A vs C | F7: A | G7: 2 - 0 | H7: B2 | I7: 1 - 3 | J7: A | K7: 2 - 0 | L7: non | M7: =IF(J7=F7,IF( OR(I7="3 - 1",I7="4 - 1",I7="4 - 2"),100,IF( OR(I7="2 - 1",I7="3 - 2",I7="4 - 3"),75,IF(I7="nul",60,IF( OR(I7="3 - 4",I7="2 - 3",I7="1 - 2"),50,IF( OR(I7="1 - 3",I7="2 - 4",I7="1 - 4"),25,0)))))+IF(K7=G7,+75,0)+IF(L7="oui",+50,0))+0 -> 100
A8: Equipe B | B8: Coree du sud | D8: 46185 | E8: B vs D | F8: D | G8: 1 - 3 | I8: 3 - 2 | J8: B | K8: 2 - 1 | M8: =IF(J8=F8,IF( OR(I8="3 - 1",I8="4 - 1",I8="4 - 2"),100,IF( OR(I8="2 - 1",I8="3 - 2",I8="4 - 3"),75,IF(I8="nul",60,IF( OR(I8="3 - 4",I8="2 - 3",I8="1 - 2"),50,IF( OR(I8="1 - 3",I8="2 - 4",I8="1 - 4"),25,0)))))+IF(K8=G8,+75,0)+IF(L8="oui",+50,0))+0 -> 0
A9: Equipe C | B9: Afrique du sud | D9: 46191 | E9: C vs D | F9: D | K9: ... | M9: =IF(J9=F9,IF( OR(I9="3 - 1",I9="4 - 1",I9="4 - 2"),100,IF( OR(I9="2 - 1",I9="3 - 2",I9="4 - 3"),75,IF(I9="nul",60,IF( OR(I9="3 - 4",I9="2 - 3",I9="1 - 2"),50,IF( OR(I9="1 - 3",I9="2 - 4",I9="1 - 4"),25,0)))))+IF(K9=G9,+75,0)+IF(L9="oui",+50,0))+0 -> 0
A10: Equipe D | B10: Republique tchèque | D10: 46192 | E10: A vs B | F10: ... | K10: ... | M10: =IF(J10=F10,IF( OR(I10="3 - 1",I10="4 - 1",I10="4 - 2"),100,IF( OR(I10="2 - 1",I10="3 - 2",I10="4 - 3"),75,IF(I10="nul",60,IF( OR(I10="3 - 4",I10="2 - 3",I10="1 - 2"),50,IF( OR(I10="1 - 3",I10="2 - 4",I10="1 - 4"),25,0)))))+IF(K10=G10,+75,0)+IF(L10="oui",+50,0))+0 -> 0
D11: 46198 | E11: A vs D | F11: ... | K11: ... | M11: =IF(J11=F11,IF( OR(I11="3 - 1",I11="4 - 1",I11="4 - 2"),100,IF( OR(I11="2 - 1",I11="3 - 2",I11="4 - 3"),75,IF(I11="nul",60,IF( OR(I11="3 - 4",I11="2 - 3",I11="1 - 2"),50,IF( OR(I11="1 - 3",I11="2 - 4",I11="1 - 4"),25,0)))))+IF(K11=G11,+75,0)+IF(L11="oui",+50,0))+0 -> 0
D12: 46198 | E12: B vs C | F12: ... | K12: ... | M12: =IF(J12=F12,IF( OR(I12="3 - 1",I12="4 - 1",I12="4 - 2"),100,IF( OR(I12="2 - 1",I12="3 - 2",I12="4 - 3"),75,IF(I12="nul",60,IF( OR(I12="3 - 4",I12="2 - 3",I12="1 - 2"),50,IF( OR(I12="1 - 3",I12="2 - 4",I12="1 - 4"),25,0)))))+IF(K12=G12,+75,0)+IF(L12="oui",+50,0))+0 -> 0
A15: Poule B | D15: Dates | E15: Rencontres | F15: Mes prono | G15: Mes scores | H15: Mes Booster | I15: Côte du prono | J15: Vainqueurs | K15: Les résultats | L15: Booster validé | M15: Points gagnés
A16: Equipe A | B16: Canada | D16: 46185 | E16: A vs D | F16: A | G16: 2 - 2 | H16: B5 | I16: 2 - 4 | J16: nul | K16: 1 - 1 | L16: non | M16: =IF(J16=F16,IF( OR(I16="3 - 1",I16="4 - 1",I16="4 - 2"),100,IF( OR(I16="2 - 1",I16="3 - 2",I16="4 - 3"),75,IF(I16="nul",60,IF( OR(I16="3 - 4",I16="2 - 3",I16="1 - 2"),50,IF( OR(I16="1 - 3",I16="2 - 4",I16="1 - 4"),25,0)))))+IF(K16=G16,+75,0)+IF(L16="oui",+50,0))+0 -> 0
A17: Equipe B | B17: Suisse | D17: 46186 | E17: B vs C | F17: B | G17: 3 - 0 | K17: ... | M17: =IF(J17=F17,IF( OR(I17="3 - 1",I17="4 - 1",I17="4 - 2"),100,IF( OR(I17="2 - 1",I17="3 - 2",I17="4 - 3"),75,IF(I17="nul",60,IF( OR(I17="3 - 4",I17="2 - 3",I17="1 - 2"),50,IF( OR(I17="1 - 3",I17="2 - 4",I17="1 - 4"),25,0)))))+IF(K17=G17,+75,0)+IF(L17="oui",+50,0))+0 -> 0
A18: Equipe C | B18: Qatar | D18: 46192 | E18: A vs C | F18: ... | K18: ... | M18: =IF(J18=F18,IF( OR(I18="3 - 1",I18="4 - 1",I18="4 - 2"),100,IF( OR(I18="2 - 1",I18="3 - 2",I18="4 - 3"),75,IF(I18="nul",60,IF( OR(I18="3 - 4",I18="2 - 3",I18="1 - 2"),50,IF( OR(I18="1 - 3",I18="2 - 4",I18="1 - 4"),25,0)))))+IF(K18=G18,+75,0)+IF(L18="oui",+50,0))+0 -> 0
A19: Equipe D | B19: Bosnie | D19: 46191 | E19: B vs D | F19: ... | K19: ... | M19: =IF(J19=F19,IF( OR(I19="3 - 1",I19="4 - 1",I19="4 - 2"),100,IF( OR(I19="2 - 1",I19="3 - 2",I19="4 - 3"),75,IF(I19="nul",60,IF( OR(I19="3 - 4",I19="2 - 3",I19="1 - 2"),50,IF( OR(I19="1 - 3",I19="2 - 4",I19="1 - 4"),25,0)))))+IF(K19=G19,+75,0)+IF(L19="oui",+50,0))+0 -> 0
D20: 46197 | E20: A vs B | F20: ... | K20: ... | M20: =IF(J20=F20,IF( OR(I20="3 - 1",I20="4 - 1",I20="4 - 2"),100,IF( OR(I20="2 - 1",I20="3 - 2",I20="4 - 3"),75,IF(I20="nul",60,IF( OR(I20="3 - 4",I20="2 - 3",I20="1 - 2"),50,IF( OR(I20="1 - 3",I20="2 - 4",I20="1 - 4"),25,0)))))+IF(K20=G20,+75,0)+IF(L20="oui",+50,0))+0 -> 0
D21: 46197 | E21: C vs D | F21: ... | K21: ... | M21: =IF(J21=F21,IF( OR(I21="3 - 1",I21="4 - 1",I21="4 - 2"),100,IF( OR(I21="2 - 1",I21="3 - 2",I21="4 - 3"),75,IF(I21="nul",60,IF( OR(I21="3 - 4",I21="2 - 3",I21="1 - 2"),50,IF( OR(I21="1 - 3",I21="2 - 4",I21="1 - 4"),25,0)))))+IF(K21=G21,+75,0)+IF(L21="oui",+50,0))+0 -> 0
A24: Poule C | D24: Dates | E24: Rencontres | F24: Mes prono | G24: Mes scores | H24: Mes Booster | I24: Côte du prono | J24: Vainqueurs | K24: Les résultats | L24: Booster validé | M24: Points gagnés
A25: Equipe A | B25: Bresil | D25: 46187 | E25: A vs B | F25: A | G25: 2 - 1 | H25: B11 | K25: ... | M25: =IF(J25=F25,IF( OR(I25="3 - 1",I25="4 - 1",I25="4 - 2"),100,IF( OR(I25="2 - 1",I25="3 - 2",I25="4 - 3"),75,IF(I25="nul",60,IF( OR(I25="3 - 4",I25="2 - 3",I25="1 - 2"),50,IF( OR(I25="1 - 3",I25="2 - 4",I25="1 - 4"),25,0)))))+IF(K25=G25,+75,0)+IF(L25="oui",+50,0))+0 -> 0
A26: Equipe B | B26: Maroc | D26: 46187 | E26: C vs D | F26: C | G26: 3 - 0 | K26: ... | M26: =IF(J26=F26,IF( OR(I26="3 - 1",I26="4 - 1",I26="4 - 2"),100,IF( OR(I26="2 - 1",I26="3 - 2",I26="4 - 3"),75,IF(I26="nul",60,IF( OR(I26="3 - 4",I26="2 - 3",I26="1 - 2"),50,IF( OR(I26="1 - 3",I26="2 - 4",I26="1 - 4"),25,0)))))+IF(K26=G26,+75,0)+IF(L26="oui",+50,0))+0 -> 0
A27: Equipe C | B27: Ecosse | D27: 46193 | E27: A vs D | F27: ... | K27: ... | M27: =IF(J27=F27,IF( OR(I27="3 - 1",I27="4 - 1",I27="4 - 2"),100,IF( OR(I27="2 - 1",I27="3 - 2",I27="4 - 3"),75,IF(I27="nul",60,IF( OR(I27="3 - 4",I27="2 - 3",I27="1 - 2"),50,IF( OR(I27="1 - 3",I27="2 - 4",I27="1 - 4"),25,0)))))+IF(K27=G27,+75,0)+IF(L27="oui",+50,0))+0 -> 0
A28: Equipe D | B28: Haïti | D28: 46193 | E28: B vs C | F28: ... | K28: ... | M28: =IF(J28=F28,IF( OR(I28="3 - 1",I28="4 - 1",I28="4 - 2"),100,IF( OR(I28="2 - 1",I28="3 - 2",I28="4 - 3"),75,IF(I28="nul",60,IF( OR(I28="3 - 4",I28="2 - 3",I28="1 - 2"),50,IF( OR(I28="1 - 3",I28="2 - 4",I28="1 - 4"),25,0)))))+IF(K28=G28,+75,0)+IF(L28="oui",+50,0))+0 -> 0
D29: 46198 | E29: A vs C | F29: ... | K29: ... | M29: =IF(J29=F29,IF( OR(I29="3 - 1",I29="4 - 1",I29="4 - 2"),100,IF( OR(I29="2 - 1",I29="3 - 2",I29="4 - 3"),75,IF(I29="nul",60,IF( OR(I29="3 - 4",I29="2 - 3",I29="1 - 2"),50,IF( OR(I29="1 - 3",I29="2 - 4",I29="1 - 4"),25,0)))))+IF(K29=G29,+75,0)+IF(L29="oui",+50,0))+0 -> 0
D30: 46198 | E30: B vs D | F30: ... | K30: ... | M30: =IF(J30=F30,IF( OR(I30="3 - 1",I30="4 - 1",I30="4 - 2"),100,IF( OR(I30="2 - 1",I30="3 - 2",I30="4 - 3"),75,IF(I30="nul",60,IF( OR(I30="3 - 4",I30="2 - 3",I30="1 - 2"),50,IF( OR(I30="1 - 3",I30="2 - 4",I30="1 - 4"),25,0)))))+IF(K30=G30,+75,0)+IF(L30="oui",+50,0))+0 -> 0
A33: Poule D | D33: Dates | E33: Rencontres | F33: Mes prono | G33: Mes scores | H33: Mes Booster | I33: Côte du prono | J33: Vainqueurs | K33: Les résultats | L33: Booster validé | M33: Points gagnés
A34: Equipe A | B34: Etat Unis | D34: 46186 | E34: A vs C | F34: A | G34: 3 - 1 | H34: B8 | I34: 1 - 4 | J34: A | K34: 4 - 1 | L34: oui | M34: =IF(J34=F34,IF( OR(I34="3 - 1",I34="4 - 1",I34="4 - 2"),100,IF( OR(I34="2 - 1",I34="3 - 2",I34="4 - 3"),75,IF(I34="nul",60,IF( OR(I34="3 - 4",I34="2 - 3",I34="1 - 2"),50,IF( OR(I34="1 - 3",I34="2 - 4",I34="1 - 4"),25,0)))))+IF(K34=G34,+75,0)+IF(L34="oui",+50,0))+0 -> 75
A35: Equipe B | B35: Australie | D35: 46187 | E35: B vs D | F35: D | G35: 0 - 2 | K35: ... | M35: =IF(J35=F35,IF( OR(I35="3 - 1",I35="4 - 1",I35="4 - 2"),100,IF( OR(I35="2 - 1",I35="3 - 2",I35="4 - 3"),75,IF(I35="nul",60,IF( OR(I35="3 - 4",I35="2 - 3",I35="1 - 2"),50,IF( OR(I35="1 - 3",I35="2 - 4",I35="1 - 4"),25,0)))))+IF(K35=G35,+75,0)+IF(L35="oui",+50,0))+0 -> 0
A36: Equipe C | B36: Paraguay | D36: 46192 | E36: A vs B | F36: ... | K36: ... | M36: =IF(J36=F36,IF( OR(I36="3 - 1",I36="4 - 1",I36="4 - 2"),100,IF( OR(I36="2 - 1",I36="3 - 2",I36="4 - 3"),75,IF(I36="nul",60,IF( OR(I36="3 - 4",I36="2 - 3",I36="1 - 2"),50,IF( OR(I36="1 - 3",I36="2 - 4",I36="1 - 4"),25,0)))))+IF(K36=G36,+75,0)+IF(L36="oui",+50,0))+0 -> 0
A37: Equipe D | B37: Turquie | D37: 46193 | E37: C vs D | F37: ... | K37: ... | M37: =IF(J37=F37,IF( OR(I37="3 - 1",I37="4 - 1",I37="4 - 2"),100,IF( OR(I37="2 - 1",I37="3 - 2",I37="4 - 3"),75,IF(I37="nul",60,IF( OR(I37="3 - 4",I37="2 - 3",I37="1 - 2"),50,IF( OR(I37="1 - 3",I37="2 - 4",I37="1 - 4"),25,0)))))+IF(K37=G37,+75,0)+IF(L37="oui",+50,0))+0 -> 0
D38: 46199 | E38: A vs D | F38: ... | K38: ... | M38: =IF(J38=F38,IF( OR(I38="3 - 1",I38="4 - 1",I38="4 - 2"),100,IF( OR(I38="2 - 1",I38="3 - 2",I38="4 - 3"),75,IF(I38="nul",60,IF( OR(I38="3 - 4",I38="2 - 3",I38="1 - 2"),50,IF( OR(I38="1 - 3",I38="2 - 4",I38="1 - 4"),25,0)))))+IF(K38=G38,+75,0)+IF(L38="oui",+50,0))+0 -> 0
D39: 46199 | E39: B vs C | F39: ... | K39: ... | M39: =IF(J39=F39,IF( OR(I39="3 - 1",I39="4 - 1",I39="4 - 2"),100,IF( OR(I39="2 - 1",I39="3 - 2",I39="4 - 3"),75,IF(I39="nul",60,IF( OR(I39="3 - 4",I39="2 - 3",I39="1 - 2"),50,IF( OR(I39="1 - 3",I39="2 - 4",I39="1 - 4"),25,0)))))+IF(K39=G39,+75,0)+IF(L39="oui",+50,0))+0 -> 0
A42: Poule E | D42: Dates | E42: Rencontres | F42: Mes prono | G42: Mes scores | H42: Mes Booster | I42: Côte du prono | J42: Vainqueurs | K42: Les résultats | L42: Booster validé | M42: Points gagnés
A43: Equipe A | B43: Allemagne | D43: 46187 | E43: A vs D | F43: A | G43: 4 - 0 | K43: ... | M43: =IF(J43=F43,IF( OR(I43="3 - 1",I43="4 - 1",I43="4 - 2"),100,IF( OR(I43="2 - 1",I43="3 - 2",I43="4 - 3"),75,IF(I43="nul",60,IF( OR(I43="3 - 4",I43="2 - 3",I43="1 - 2"),50,IF( OR(I43="1 - 3",I43="2 - 4",I43="1 - 4"),25,0)))))+IF(K43=G43,+75,0)+IF(L43="oui",+50,0))+0 -> 0
A44: Equipe B | B44: Equateur | D44: 46188 | E44: B vs C | F44: ... | K44: ... | M44: =IF(J44=F44,IF( OR(I44="3 - 1",I44="4 - 1",I44="4 - 2"),100,IF( OR(I44="2 - 1",I44="3 - 2",I44="4 - 3"),75,IF(I44="nul",60,IF( OR(I44="3 - 4",I44="2 - 3",I44="1 - 2"),50,IF( OR(I44="1 - 3",I44="2 - 4",I44="1 - 4"),25,0)))))+IF(K44=G44,+75,0)+IF(L44="oui",+50,0))+0 -> 0
A45: Equipe C | B45: Cote d'Ivoire | D45: 46193 | E45: A vs C | F45: ... | K45: ... | M45: =IF(J45=F45,IF( OR(I45="3 - 1",I45="4 - 1",I45="4 - 2"),100,IF( OR(I45="2 - 1",I45="3 - 2",I45="4 - 3"),75,IF(I45="nul",60,IF( OR(I45="3 - 4",I45="2 - 3",I45="1 - 2"),50,IF( OR(I45="1 - 3",I45="2 - 4",I45="1 - 4"),25,0)))))+IF(K45=G45,+75,0)+IF(L45="oui",+50,0))+0 -> 0
A46: Equipe D | B46: Curaçao | D46: 46194 | E46: B vs D | F46: ... | K46: ... | M46: =IF(J46=F46,IF( OR(I46="3 - 1",I46="4 - 1",I46="4 - 2"),100,IF( OR(I46="2 - 1",I46="3 - 2",I46="4 - 3"),75,IF(I46="nul",60,IF( OR(I46="3 - 4",I46="2 - 3",I46="1 - 2"),50,IF( OR(I46="1 - 3",I46="2 - 4",I46="1 - 4"),25,0)))))+IF(K46=G46,+75,0)+IF(L46="oui",+50,0))+0 -> 0
D47: 46198 | E47: A vs B | F47: ... | K47: ... | M47: =IF(J47=F47,IF( OR(I47="3 - 1",I47="4 - 1",I47="4 - 2"),100,IF( OR(I47="2 - 1",I47="3 - 2",I47="4 - 3"),75,IF(I47="nul",60,IF( OR(I47="3 - 4",I47="2 - 3",I47="1 - 2"),50,IF( OR(I47="1 - 3",I47="2 - 4",I47="1 - 4"),25,0)))))+IF(K47=G47,+75,0)+IF(L47="oui",+50,0))+0 -> 0
D48: 46198 | E48: C vs D | F48: ... | K48: ... | M48: =IF(J48=F48,IF( OR(I48="3 - 1",I48="4 - 1",I48="4 - 2"),100,IF( OR(I48="2 - 1",I48="3 - 2",I48="4 - 3"),75,IF(I48="nul",60,IF( OR(I48="3 - 4",I48="2 - 3",I48="1 - 2"),50,IF( OR(I48="1 - 3",I48="2 - 4",I48="1 - 4"),25,0)))))+IF(K48=G48,+75,0)+IF(L48="oui",+50,0))+0 -> 0
A51: Poule F | D51: Dates | E51: Rencontres | F51: Mes prono | G51: Mes scores | H51: Mes Booster | I51: Côte du prono | J51: Vainqueurs | K51: Les résultats | L51: Booster validé | M51: Points gagnés
A52: Equipe A | B52: Pays Bas | D52: 46187 | E52: A vs B | F52: A | G52: 2 - 1 | K52: ... | M52: =IF(J52=F52,IF( OR(I52="3 - 1",I52="4 - 1",I52="4 - 2"),100,IF( OR(I52="2 - 1",I52="3 - 2",I52="4 - 3"),75,IF(I52="nul",60,IF( OR(I52="3 - 4",I52="2 - 3",I52="1 - 2"),50,IF( OR(I52="1 - 3",I52="2 - 4",I52="1 - 4"),25,0)))))+IF(K52=G52,+75,0)+IF(L52="oui",+50,0))+0 -> 0
A53: Equipe B | B53: Japon | D53: 46188 | E53: C vs D | F53: ... | K53: ... | M53: =IF(J53=F53,IF( OR(I53="3 - 1",I53="4 - 1",I53="4 - 2"),100,IF( OR(I53="2 - 1",I53="3 - 2",I53="4 - 3"),75,IF(I53="nul",60,IF( OR(I53="3 - 4",I53="2 - 3",I53="1 - 2"),50,IF( OR(I53="1 - 3",I53="2 - 4",I53="1 - 4"),25,0)))))+IF(K53=G53,+75,0)+IF(L53="oui",+50,0))+0 -> 0
A54: Equipe C | B54: Tunisie | D54: 46193 | E54: A vs D | F54: ... | K54: ... | M54: =IF(J54=F54,IF( OR(I54="3 - 1",I54="4 - 1",I54="4 - 2"),100,IF( OR(I54="2 - 1",I54="3 - 2",I54="4 - 3"),75,IF(I54="nul",60,IF( OR(I54="3 - 4",I54="2 - 3",I54="1 - 2"),50,IF( OR(I54="1 - 3",I54="2 - 4",I54="1 - 4"),25,0)))))+IF(K54=G54,+75,0)+IF(L54="oui",+50,0))+0 -> 0
A55: Equipe D | B55: Suede | D55: 46194 | E55: B vs C | F55: ... | K55: ... | M55: =IF(J55=F55,IF( OR(I55="3 - 1",I55="4 - 1",I55="4 - 2"),100,IF( OR(I55="2 - 1",I55="3 - 2",I55="4 - 3"),75,IF(I55="nul",60,IF( OR(I55="3 - 4",I55="2 - 3",I55="1 - 2"),50,IF( OR(I55="1 - 3",I55="2 - 4",I55="1 - 4"),25,0)))))+IF(K55=G55,+75,0)+IF(L55="oui",+50,0))+0 -> 0
D56: 46199 | E56: A vs C | F56: ... | K56: ... | M56: =IF(J56=F56,IF( OR(I56="3 - 1",I56="4 - 1",I56="4 - 2"),100,IF( OR(I56="2 - 1",I56="3 - 2",I56="4 - 3"),75,IF(I56="nul",60,IF( OR(I56="3 - 4",I56="2 - 3",I56="1 - 2"),50,IF( OR(I56="1 - 3",I56="2 - 4",I56="1 - 4"),25,0)))))+IF(K56=G56,+75,0)+IF(L56="oui",+50,0))+0 -> 0
D57: 46199 | E57: B vs D | F57: ... | K57: ... | M57: =IF(J57=F57,IF( OR(I57="3 - 1",I57="4 - 1",I57="4 - 2"),100,IF( OR(I57="2 - 1",I57="3 - 2",I57="4 - 3"),75,IF(I57="nul",60,IF( OR(I57="3 - 4",I57="2 - 3",I57="1 - 2"),50,IF( OR(I57="1 - 3",I57="2 - 4",I57="1 - 4"),25,0)))))+IF(K57=G57,+75,0)+IF(L57="oui",+50,0))+0 -> 0
A60: Poule G | D60: Dates | E60: Rencontres | F60: Mes prono | G60: Mes scores | H60: Mes Booster | I60: Côte du prono | J60: Vainqueurs | K60: Les résultats | L60: Booster validé | M60: Points gagnés
A61: Equipe A | B61: Belgique | D61: 46188 | E61: A vs C | F61: ... | K61: ... | M61: =IF(J61=F61,IF( OR(I61="3 - 1",I61="4 - 1",I61="4 - 2"),100,IF( OR(I61="2 - 1",I61="3 - 2",I61="4 - 3"),75,IF(I61="nul",60,IF( OR(I61="3 - 4",I61="2 - 3",I61="1 - 2"),50,IF( OR(I61="1 - 3",I61="2 - 4",I61="1 - 4"),25,0)))))+IF(K61=G61,+75,0)+IF(L61="oui",+50,0))+0 -> 0
A62: Equipe B | B62: Iran | D62: 46189 | E62: B vs D | F62: ... | K62: ... | M62: =IF(J62=F62,IF( OR(I62="3 - 1",I62="4 - 1",I62="4 - 2"),100,IF( OR(I62="2 - 1",I62="3 - 2",I62="4 - 3"),75,IF(I62="nul",60,IF( OR(I62="3 - 4",I62="2 - 3",I62="1 - 2"),50,IF( OR(I62="1 - 3",I62="2 - 4",I62="1 - 4"),25,0)))))+IF(K62=G62,+75,0)+IF(L62="oui",+50,0))+0 -> 0
A63: Equipe C | B63: Egypte | D63: 46194 | E63: A vs B | F63: ... | K63: ... | M63: =IF(J63=F63,IF( OR(I63="3 - 1",I63="4 - 1",I63="4 - 2"),100,IF( OR(I63="2 - 1",I63="3 - 2",I63="4 - 3"),75,IF(I63="nul",60,IF( OR(I63="3 - 4",I63="2 - 3",I63="1 - 2"),50,IF( OR(I63="1 - 3",I63="2 - 4",I63="1 - 4"),25,0)))))+IF(K63=G63,+75,0)+IF(L63="oui",+50,0))+0 -> 0
A64: Equipe D | B64: Nouvelle Zelande | D64: 46195 | E64: C vs D | F64: ... | K64: ... | M64: =IF(J64=F64,IF( OR(I64="3 - 1",I64="4 - 1",I64="4 - 2"),100,IF( OR(I64="2 - 1",I64="3 - 2",I64="4 - 3"),75,IF(I64="nul",60,IF( OR(I64="3 - 4",I64="2 - 3",I64="1 - 2"),50,IF( OR(I64="1 - 3",I64="2 - 4",I64="1 - 4"),25,0)))))+IF(K64=G64,+75,0)+IF(L64="oui",+50,0))+0 -> 0
D65: 46200 | E65: A vs D | F65: ... | K65: ... | M65: =IF(J65=F65,IF( OR(I65="3 - 1",I65="4 - 1",I65="4 - 2"),100,IF( OR(I65="2 - 1",I65="3 - 2",I65="4 - 3"),75,IF(I65="nul",60,IF( OR(I65="3 - 4",I65="2 - 3",I65="1 - 2"),50,IF( OR(I65="1 - 3",I65="2 - 4",I65="1 - 4"),25,0)))))+IF(K65=G65,+75,0)+IF(L65="oui",+50,0))+0 -> 0
D66: 46200 | E66: B vs C | F66: ... | K66: ... | M66: =IF(J66=F66,IF( OR(I66="3 - 1",I66="4 - 1",I66="4 - 2"),100,IF( OR(I66="2 - 1",I66="3 - 2",I66="4 - 3"),75,IF(I66="nul",60,IF( OR(I66="3 - 4",I66="2 - 3",I66="1 - 2"),50,IF( OR(I66="1 - 3",I66="2 - 4",I66="1 - 4"),25,0)))))+IF(K66=G66,+75,0)+IF(L66="oui",+50,0))+0 -> 0
A69: Poule H | D69: Dates | E69: Rencontres | F69: Mes prono | G69: Mes scores | H69: Mes Booster | I69: Côte du prono | J69: Vainqueurs | K69: Les résultats | L69: Booster validé | M69: Points gagnés
A70: Equipe A | B70: Espagne | D70: 46188 | E70: A vs D | F70: ... | K70: ... | M70: =IF(J70=F70,IF( OR(I70="3 - 1",I70="4 - 1",I70="4 - 2"),100,IF( OR(I70="2 - 1",I70="3 - 2",I70="4 - 3"),75,IF(I70="nul",60,IF( OR(I70="3 - 4",I70="2 - 3",I70="1 - 2"),50,IF( OR(I70="1 - 3",I70="2 - 4",I70="1 - 4"),25,0)))))+IF(K70=G70,+75,0)+IF(L70="oui",+50,0))+0 -> 0
A71: Equipe B | B71: Uruguay | D71: 46189 | E71: B vs C | F71: ... | K71: ... | M71: =IF(J71=F71,IF( OR(I71="3 - 1",I71="4 - 1",I71="4 - 2"),100,IF( OR(I71="2 - 1",I71="3 - 2",I71="4 - 3"),75,IF(I71="nul",60,IF( OR(I71="3 - 4",I71="2 - 3",I71="1 - 2"),50,IF( OR(I71="1 - 3",I71="2 - 4",I71="1 - 4"),25,0)))))+IF(K71=G71,+75,0)+IF(L71="oui",+50,0))+0 -> 0
A72: Equipe C | B72: Arabie Saoudite | D72: 46194 | E72: A vs C | F72: ... | K72: ... | M72: =IF(J72=F72,IF( OR(I72="3 - 1",I72="4 - 1",I72="4 - 2"),100,IF( OR(I72="2 - 1",I72="3 - 2",I72="4 - 3"),75,IF(I72="nul",60,IF( OR(I72="3 - 4",I72="2 - 3",I72="1 - 2"),50,IF( OR(I72="1 - 3",I72="2 - 4",I72="1 - 4"),25,0)))))+IF(K72=G72,+75,0)+IF(L72="oui",+50,0))+0 -> 0
A73: Equipe D | B73: Cap Vert | D73: 46195 | E73: B vs D | F73: ... | K73: ... | M73: =IF(J73=F73,IF( OR(I73="3 - 1",I73="4 - 1",I73="4 - 2"),100,IF( OR(I73="2 - 1",I73="3 - 2",I73="4 - 3"),75,IF(I73="nul",60,IF( OR(I73="3 - 4",I73="2 - 3",I73="1 - 2"),50,IF( OR(I73="1 - 3",I73="2 - 4",I73="1 - 4"),25,0)))))+IF(K73=G73,+75,0)+IF(L73="oui",+50,0))+0 -> 0
D74: 46200 | E74: A vs B | F74: ... | K74: ... | M74: =IF(J74=F74,IF( OR(I74="3 - 1",I74="4 - 1",I74="4 - 2"),100,IF( OR(I74="2 - 1",I74="3 - 2",I74="4 - 3"),75,IF(I74="nul",60,IF( OR(I74="3 - 4",I74="2 - 3",I74="1 - 2"),50,IF( OR(I74="1 - 3",I74="2 - 4",I74="1 - 4"),25,0)))))+IF(K74=G74,+75,0)+IF(L74="oui",+50,0))+0 -> 0
D75: 46200 | E75: C vs D | F75: ... | K75: ... | M75: =IF(J75=F75,IF( OR(I75="3 - 1",I75="4 - 1",I75="4 - 2"),100,IF( OR(I75="2 - 1",I75="3 - 2",I75="4 - 3"),75,IF(I75="nul",60,IF( OR(I75="3 - 4",I75="2 - 3",I75="1 - 2"),50,IF( OR(I75="1 - 3",I75="2 - 4",I75="1 - 4"),25,0)))))+IF(K75=G75,+75,0)+IF(L75="oui",+50,0))+0 -> 0
A78: Poule I | D78: Dates | E78: Rencontres | F78: Mes prono | G78: Mes scores | H78: Mes Booster | I78: Côte du prono | J78: Vainqueurs | K78: Les résultats | L78: Booster validé | M78: Points gagnés
A79: Equipe A | B79: France | D79: 46189 | E79: A vs B | F79: ... | K79: ... | M79: =IF(J79=F79,IF( OR(I79="3 - 1",I79="4 - 1",I79="4 - 2"),100,IF( OR(I79="2 - 1",I79="3 - 2",I79="4 - 3"),75,IF(I79="nul",60,IF( OR(I79="3 - 4",I79="2 - 3",I79="1 - 2"),50,IF( OR(I79="1 - 3",I79="2 - 4"),25,0)))))+IF(K79=G79,+75,0)+IF(L79="oui",+50,0))+0 -> 0
A80: Equipe B | B80: Senegal | D80: 46190 | E80: C vs D | F80: ... | K80: ... | M80: =IF(J80=F80,IF( OR(I80="3 - 1",I80="4 - 1",I80="4 - 2"),100,IF( OR(I80="2 - 1",I80="3 - 2",I80="4 - 3"),75,IF(I80="nul",60,IF( OR(I80="3 - 4",I80="2 - 3",I80="1 - 2"),50,IF( OR(I80="1 - 3",I80="2 - 4"),25,0)))))+IF(K80=G80,+75,0)+IF(L80="oui",+50,0))+0 -> 0
A81: Equipe C | B81: Norvege | D81: 46195 | E81: A vs D | F81: ... | K81: ... | M81: =IF(J81=F81,IF( OR(I81="3 - 1",I81="4 - 1",I81="4 - 2"),100,IF( OR(I81="2 - 1",I81="3 - 2",I81="4 - 3"),75,IF(I81="nul",60,IF( OR(I81="3 - 4",I81="2 - 3",I81="1 - 2"),50,IF( OR(I81="1 - 3",I81="2 - 4"),25,0)))))+IF(K81=G81,+75,0)+IF(L81="oui",+50,0))+0 -> 0
A82: Equipe D | B82: Irak | D82: 46196 | E82: B vs C | F82: ... | K82: ... | M82: =IF(J82=F82,IF( OR(I82="3 - 1",I82="4 - 1",I82="4 - 2"),100,IF( OR(I82="2 - 1",I82="3 - 2",I82="4 - 3"),75,IF(I82="nul",60,IF( OR(I82="3 - 4",I82="2 - 3",I82="1 - 2"),50,IF( OR(I82="1 - 3",I82="2 - 4"),25,0)))))+IF(K82=G82,+75,0)+IF(L82="oui",+50,0))+0 -> 0
D83: 46199 | E83: A vs C | F83: ... | K83: ... | M83: =IF(J83=F83,IF( OR(I83="3 - 1",I83="4 - 1",I83="4 - 2"),100,IF( OR(I83="2 - 1",I83="3 - 2",I83="4 - 3"),75,IF(I83="nul",60,IF( OR(I83="3 - 4",I83="2 - 3",I83="1 - 2"),50,IF( OR(I83="1 - 3",I83="2 - 4"),25,0)))))+IF(K83=G83,+75,0)+IF(L83="oui",+50,0))+0 -> 0
D84: 46199 | E84: B vs D | F84: ... | K84: ... | M84: =IF(J84=F84,IF( OR(I84="3 - 1",I84="4 - 1",I84="4 - 2"),100,IF( OR(I84="2 - 1",I84="3 - 2",I84="4 - 3"),75,IF(I84="nul",60,IF( OR(I84="3 - 4",I84="2 - 3",I84="1 - 2"),50,IF( OR(I84="1 - 3",I84="2 - 4"),25,0)))))+IF(K84=G84,+75,0)+IF(L84="oui",+50,0))+0 -> 0
A87: Poule J | D87: Dates | E87: Rencontres | F87: Mes prono | G87: Mes scores | H87: Mes Booster | I87: Côte du prono | J87: Vainqueurs | K87: Les résultats | L87: Booster validé | M87: Points gagnés
A88: Equipe A | B88: Argentine | D88: 46190 | E88: A vs C | F88: ... | K88: ... | M88: =IF(J88=F88,IF( OR(I88="3 - 1",I88="4 - 1",I88="4 - 2"),100,IF( OR(I88="2 - 1",I88="3 - 2",I88="4 - 3"),75,IF(I88="nul",60,IF( OR(I88="3 - 4",I88="2 - 3",I88="1 - 2"),50,IF( OR(I88="1 - 3",I88="2 - 4"),25,0)))))+IF(K88=G88,+75,0)+IF(L88="oui",+50,0))+0 -> 0
A89: Equipe B | B89: Autriche | D89: 46190 | E89: B vs D | F89: ... | K89: ... | M89: =IF(J89=F89,IF( OR(I89="3 - 1",I89="4 - 1",I89="4 - 2"),100,IF( OR(I89="2 - 1",I89="3 - 2",I89="4 - 3"),75,IF(I89="nul",60,IF( OR(I89="3 - 4",I89="2 - 3",I89="1 - 2"),50,IF( OR(I89="1 - 3",I89="2 - 4"),25,0)))))+IF(K89=G89,+75,0)+IF(L89="oui",+50,0))+0 -> 0
A90: Equipe C | B90: Algerie | D90: 46195 | E90: A vs B | F90: ... | K90: ... | M90: =IF(J90=F90,IF( OR(I90="3 - 1",I90="4 - 1",I90="4 - 2"),100,IF( OR(I90="2 - 1",I90="3 - 2",I90="4 - 3"),75,IF(I90="nul",60,IF( OR(I90="3 - 4",I90="2 - 3",I90="1 - 2"),50,IF( OR(I90="1 - 3",I90="2 - 4"),25,0)))))+IF(K90=G90,+75,0)+IF(L90="oui",+50,0))+0 -> 0
A91: Equipe D | B91: Jordanie | D91: 46196 | E91: C vs D | F91: ... | K91: ... | M91: =IF(J91=F91,IF( OR(I91="3 - 1",I91="4 - 1",I91="4 - 2"),100,IF( OR(I91="2 - 1",I91="3 - 2",I91="4 - 3"),75,IF(I91="nul",60,IF( OR(I91="3 - 4",I91="2 - 3",I91="1 - 2"),50,IF( OR(I91="1 - 3",I91="2 - 4"),25,0)))))+IF(K91=G91,+75,0)+IF(L91="oui",+50,0))+0 -> 0
D92: 46201 | E92: A vs D | F92: ... | K92: ... | M92: =IF(J92=F92,IF( OR(I92="3 - 1",I92="4 - 1",I92="4 - 2"),100,IF( OR(I92="2 - 1",I92="3 - 2",I92="4 - 3"),75,IF(I92="nul",60,IF( OR(I92="3 - 4",I92="2 - 3",I92="1 - 2"),50,IF( OR(I92="1 - 3",I92="2 - 4"),25,0)))))+IF(K92=G92,+75,0)+IF(L92="oui",+50,0))+0 -> 0
D93: 46201 | E93: B vs C | F93: ... | K93: ... | M93: =IF(J93=F93,IF( OR(I93="3 - 1",I93="4 - 1",I93="4 - 2"),100,IF( OR(I93="2 - 1",I93="3 - 2",I93="4 - 3"),75,IF(I93="nul",60,IF( OR(I93="3 - 4",I93="2 - 3",I93="1 - 2"),50,IF( OR(I93="1 - 3",I93="2 - 4"),25,0)))))+IF(K93=G93,+75,0)+IF(L93="oui",+50,0))+0 -> 0
A96: Poule K | D96: Dates | E96: Rencontres | F96: Mes prono | G96: Mes scores | H96: Mes Booster | I96: Côte du prono | J96: Vainqueurs | K96: Les résultats | L96: Booster validé | M96: Points gagnés
A97: Equipe A | B97: Portugal | D97: 46190 | E97: A vs D | F97: ... | K97: - | M97: =IF(J97=F97,IF( OR(I97="3 - 1",I97="4 - 1",I97="4 - 2"),100,IF( OR(I97="2 - 1",I97="3 - 2",I97="4 - 3"),75,IF(I97="nul",60,IF( OR(I97="3 - 4",I97="2 - 3",I97="1 - 2"),50,IF( OR(I97="1 - 3",I97="2 - 4"),25,0)))))+IF(K97=G97,+75,0)+IF(L97="oui",+50,0))+0 -> 0
A98: Equipe B | B98: Colombie | D98: 46191 | E98: B vs C | F98: ... | K98: - | M98: =IF(J98=F98,IF( OR(I98="3 - 1",I98="4 - 1",I98="4 - 2"),100,IF( OR(I98="2 - 1",I98="3 - 2",I98="4 - 3"),75,IF(I98="nul",60,IF( OR(I98="3 - 4",I98="2 - 3",I98="1 - 2"),50,IF( OR(I98="1 - 3",I98="2 - 4"),25,0)))))+IF(K98=G98,+75,0)+IF(L98="oui",+50,0))+0 -> 0
A99: Equipe C | B99: Ouzbekistan | D99: 46196 | E99: A vs C | F99: ... | K99: - | M99: =IF(J99=F99,IF( OR(I99="3 - 1",I99="4 - 1",I99="4 - 2"),100,IF( OR(I99="2 - 1",I99="3 - 2",I99="4 - 3"),75,IF(I99="nul",60,IF( OR(I99="3 - 4",I99="2 - 3",I99="1 - 2"),50,IF( OR(I99="1 - 3",I99="2 - 4"),25,0)))))+IF(K99=G99,+75,0)+IF(L99="oui",+50,0))+0 -> 0
A100: Equipe D | B100: RD Congo | D100: 46197 | E100: B vs D | F100: ... | K100: - | M100: =IF(J100=F100,IF( OR(I100="3 - 1",I100="4 - 1",I100="4 - 2"),100,IF( OR(I100="2 - 1",I100="3 - 2",I100="4 - 3"),75,IF(I100="nul",60,IF( OR(I100="3 - 4",I100="2 - 3",I100="1 - 2"),50,IF( OR(I100="1 - 3",I100="2 - 4"),25,0)))))+IF(K100=G100,+75,0)+IF(L100="oui",+50,0))+0 -> 0
D101: 46201 | E101: A vs B | F101: ... | K101: - | M101: =IF(J101=F101,IF( OR(I101="3 - 1",I101="4 - 1",I101="4 - 2"),100,IF( OR(I101="2 - 1",I101="3 - 2",I101="4 - 3"),75,IF(I101="nul",60,IF( OR(I101="3 - 4",I101="2 - 3",I101="1 - 2"),50,IF( OR(I101="1 - 3",I101="2 - 4"),25,0)))))+IF(K101=G101,+75,0)+IF(L101="oui",+50,0))+0 -> 0
D102: 46201 | E102: C vs D | F102: ... | K102: - | M102: =IF(J102=F102,IF( OR(I102="3 - 1",I102="4 - 1",I102="4 - 2"),100,IF( OR(I102="2 - 1",I102="3 - 2",I102="4 - 3"),75,IF(I102="nul",60,IF( OR(I102="3 - 4",I102="2 - 3",I102="1 - 2"),50,IF( OR(I102="1 - 3",I102="2 - 4"),25,0)))))+IF(K102=G102,+75,0)+IF(L102="oui",+50,0))+0 -> 0
A105: Poule L | D105: Dates | E105: Rencontres | F105: Mes prono | G105: Mes scores | H105: Mes Booster | I105: Côte du prono | J105: Vainqueurs | K105: Les résultats | L105: Booster validé | M105: Points gagnés
A106: Equipe A | B106: Angleterre | D106: 46190 | E106: A vs B | F106: ... | K106: - | M106: =IF(J106=F106,IF( OR(I106="3 - 1",I106="4 - 1",I106="4 - 2"),100,IF( OR(I106="2 - 1",I106="3 - 2",I106="4 - 3"),75,IF(I106="nul",60,IF( OR(I106="3 - 4",I106="2 - 3",I106="1 - 2"),50,IF( OR(I106="1 - 3",I106="2 - 4"),25,0)))))+IF(K106=G106,+75,0)+IF(L106="oui",+50,0))+0 -> 0
A107: Equipe B | B107: Croacie | D107: 46191 | E107: C vs D | F107: ... | K107: - | M107: =IF(J107=F107,IF( OR(I107="3 - 1",I107="4 - 1",I107="4 - 2"),100,IF( OR(I107="2 - 1",I107="3 - 2",I107="4 - 3"),75,IF(I107="nul",60,IF( OR(I107="3 - 4",I107="2 - 3",I107="1 - 2"),50,IF( OR(I107="1 - 3",I107="2 - 4"),25,0)))))+IF(K107=G107,+75,0)+IF(L107="oui",+50,0))+0 -> 0
A108: Equipe C | B108: Panama | D108: 46196 | E108: A vs D | F108: ... | K108: - | M108: =IF(J108=F108,IF( OR(I108="3 - 1",I108="4 - 1",I108="4 - 2"),100,IF( OR(I108="2 - 1",I108="3 - 2",I108="4 - 3"),75,IF(I108="nul",60,IF( OR(I108="3 - 4",I108="2 - 3",I108="1 - 2"),50,IF( OR(I108="1 - 3",I108="2 - 4"),25,0)))))+IF(K108=G108,+75,0)+IF(L108="oui",+50,0))+0 -> 0
A109: Equipe D | B109: Ghana | D109: 46197 | E109: B vs C | F109: ... | K109: - | M109: =IF(J109=F109,IF( OR(I109="3 - 1",I109="4 - 1",I109="4 - 2"),100,IF( OR(I109="2 - 1",I109="3 - 2",I109="4 - 3"),75,IF(I109="nul",60,IF( OR(I109="3 - 4",I109="2 - 3",I109="1 - 2"),50,IF( OR(I109="1 - 3",I109="2 - 4"),25,0)))))+IF(K109=G109,+75,0)+IF(L109="oui",+50,0))+0 -> 0
D110: 46200 | E110: A vs C | F110: ... | K110: - | M110: =IF(J110=F110,IF( OR(I110="3 - 1",I110="4 - 1",I110="4 - 2"),100,IF( OR(I110="2 - 1",I110="3 - 2",I110="4 - 3"),75,IF(I110="nul",60,IF( OR(I110="3 - 4",I110="2 - 3",I110="1 - 2"),50,IF( OR(I110="1 - 3",I110="2 - 4"),25,0)))))+IF(K110=G110,+75,0)+IF(L110="oui",+50,0))+0 -> 0
D111: 46200 | E111: B vs D | F111: ... | K111: - | M111: =IF(J111=F111,IF( OR(I111="3 - 1",I111="4 - 1",I111="4 - 2"),100,IF( OR(I111="2 - 1",I111="3 - 2",I111="4 - 3"),75,IF(I111="nul",60,IF( OR(I111="3 - 4",I111="2 - 3",I111="1 - 2"),50,IF( OR(I111="1 - 3",I111="2 - 4"),25,0)))))+IF(K111=G111,+75,0)+IF(L111="oui",+50,0))+0 -> 0

Sheet Léna 1
B1: Joueur : Léna | C1: Meilleur buteur de la CDM : | F1: Mbappé
C2: Meilleur passeur de la CDM : | F2: Lamine Yamal
C3: Meilleur joueur de la CDM : | F3: Mbappé
C4: Gagnant de la CDM : | F4: France
A6: Poule A | D6: Dates | E6: Rencontres | F6: Mes prono | G6: Mes scores | H6: Mes Booster | I6: Côte du prono | J6: Vainqueurs | K6: Les résultats | L6: Booster validé | M6: Points gagnés
A7: Equipe A | B7: Mexique | D7: 46184 | E7: A vs C | F7: A | G7: 1 - 0 | H7: B2 | I7: 1 - 3 | J7: A | K7: 2 - 0 | L7: non | M7: =IF(J7=F7,IF( OR(I7="3 - 1",I7="4 - 1",I7="4 - 2"),100,IF( OR(I7="2 - 1",I7="3 - 2",I7="4 - 3"),75,IF(I7="nul",60,IF( OR(I7="3 - 4",I7="2 - 3",I7="1 - 2"),50,IF( OR(I7="1 - 3",I7="2 - 4",I7="1 - 4"),25,0)))))+IF(K7=G7,+75,0)+IF(L7="oui",+50,0))+0 -> 25
A8: Equipe B | B8: Coree du sud | D8: 46185 | E8: B vs D | F8: N | G8: 0 - 0 | I8: nul | J8: B | K8: 2 - 1 | M8: =IF(J8=F8,IF( OR(I8="3 - 1",I8="4 - 1",I8="4 - 2"),100,IF( OR(I8="2 - 1",I8="3 - 2",I8="4 - 3"),75,IF(I8="nul",60,IF( OR(I8="3 - 4",I8="2 - 3",I8="1 - 2"),50,IF( OR(I8="1 - 3",I8="2 - 4",I8="1 - 4"),25,0)))))+IF(K8=G8,+75,0)+IF(L8="oui",+50,0))+0 -> 0
A9: Equipe C | B9: Afrique du sud | D9: 46191 | E9: C vs D | F9: D | G9: 2 - 0 | K9: ... | M9: =IF(J9=F9,IF( OR(I9="3 - 1",I9="4 - 1",I9="4 - 2"),100,IF( OR(I9="2 - 1",I9="3 - 2",I9="4 - 3"),75,IF(I9="nul",60,IF( OR(I9="3 - 4",I9="2 - 3",I9="1 - 2"),50,IF( OR(I9="1 - 3",I9="2 - 4",I9="1 - 4"),25,0)))))+IF(K9=G9,+75,0)+IF(L9="oui",+50,0))+0 -> 0
A10: Equipe D | B10: Republique tchèque | D10: 46192 | E10: A vs B | F10: B | G10: 1 - 2 | H10: B56 | K10: ... | M10: =IF(J10=F10,IF( OR(I10="3 - 1",I10="4 - 1",I10="4 - 2"),100,IF( OR(I10="2 - 1",I10="3 - 2",I10="4 - 3"),75,IF(I10="nul",60,IF( OR(I10="3 - 4",I10="2 - 3",I10="1 - 2"),50,IF( OR(I10="1 - 3",I10="2 - 4",I10="1 - 4"),25,0)))))+IF(K10=G10,+75,0)+IF(L10="oui",+50,0))+0 -> 0
D11: 46198 | E11: A vs D | F11: A | G11: 2 - 0 | K11: ... | M11: =IF(J11=F11,IF( OR(I11="3 - 1",I11="4 - 1",I11="4 - 2"),100,IF( OR(I11="2 - 1",I11="3 - 2",I11="4 - 3"),75,IF(I11="nul",60,IF( OR(I11="3 - 4",I11="2 - 3",I11="1 - 2"),50,IF( OR(I11="1 - 3",I11="2 - 4",I11="1 - 4"),25,0)))))+IF(K11=G11,+75,0)+IF(L11="oui",+50,0))+0 -> 0
D12: 46198 | E12: B vs C | F12: B | G12: 1 - 0 | K12: ... | M12: =IF(J12=F12,IF( OR(I12="3 - 1",I12="4 - 1",I12="4 - 2"),100,IF( OR(I12="2 - 1",I12="3 - 2",I12="4 - 3"),75,IF(I12="nul",60,IF( OR(I12="3 - 4",I12="2 - 3",I12="1 - 2"),50,IF( OR(I12="1 - 3",I12="2 - 4",I12="1 - 4"),25,0)))))+IF(K12=G12,+75,0)+IF(L12="oui",+50,0))+0 -> 0
A15: Poule B | D15: Dates | E15: Rencontres | F15: Mes prono | G15: Mes scores | H15: Mes Booster | I15: Côte du prono | J15: Vainqueurs | K15: Les résultats | L15: Booster validé | M15: Points gagnés
A16: Equipe A | B16: Canada | D16: 46185 | E16: A vs D | F16: A | G16: 2 - 0 | H16: B5 | I16: 2 - 4 | J16: nul | K16: 1 - 1 | L16: non | M16: =IF(J16=F16,IF( OR(I16="3 - 1",I16="4 - 1",I16="4 - 2"),100,IF( OR(I16="2 - 1",I16="3 - 2",I16="4 - 3"),75,IF(I16="nul",60,IF( OR(I16="3 - 4",I16="2 - 3",I16="1 - 2"),50,IF( OR(I16="1 - 3",I16="2 - 4",I16="1 - 4"),25,0)))))+IF(K16=G16,+75,0)+IF(L16="oui",+50,0))+0 -> 0
A17: Equipe B | B17: Suisse | D17: 46186 | E17: B vs C | F17: B | G17: 3 - 0 | K17: ... | M17: =IF(J17=F17,IF( OR(I17="3 - 1",I17="4 - 1",I17="4 - 2"),100,IF( OR(I17="2 - 1",I17="3 - 2",I17="4 - 3"),75,IF(I17="nul",60,IF( OR(I17="3 - 4",I17="2 - 3",I17="1 - 2"),50,IF( OR(I17="1 - 3",I17="2 - 4",I17="1 - 4"),25,0)))))+IF(K17=G17,+75,0)+IF(L17="oui",+50,0))+0 -> 0
A18: Equipe C | B18: Qatar | D18: 46192 | E18: A vs C | F18: A | G18: 1 - 0 | K18: ... | M18: =IF(J18=F18,IF( OR(I18="3 - 1",I18="4 - 1",I18="4 - 2"),100,IF( OR(I18="2 - 1",I18="3 - 2",I18="4 - 3"),75,IF(I18="nul",60,IF( OR(I18="3 - 4",I18="2 - 3",I18="1 - 2"),50,IF( OR(I18="1 - 3",I18="2 - 4",I18="1 - 4"),25,0)))))+IF(K18=G18,+75,0)+IF(L18="oui",+50,0))+0 -> 0
A19: Equipe D | B19: Bosnie | D19: 46191 | E19: B vs D | F19: N | G19: 1 - 1 | K19: ... | M19: =IF(J19=F19,IF( OR(I19="3 - 1",I19="4 - 1",I19="4 - 2"),100,IF( OR(I19="2 - 1",I19="3 - 2",I19="4 - 3"),75,IF(I19="nul",60,IF( OR(I19="3 - 4",I19="2 - 3",I19="1 - 2"),50,IF( OR(I19="1 - 3",I19="2 - 4",I19="1 - 4"),25,0)))))+IF(K19=G19,+75,0)+IF(L19="oui",+50,0))+0 -> 0
D20: 46197 | E20: A vs B | F20: N | G20: 0 - 0 | K20: ... | M20: =IF(J20=F20,IF( OR(I20="3 - 1",I20="4 - 1",I20="4 - 2"),100,IF( OR(I20="2 - 1",I20="3 - 2",I20="4 - 3"),75,IF(I20="nul",60,IF( OR(I20="3 - 4",I20="2 - 3",I20="1 - 2"),50,IF( OR(I20="1 - 3",I20="2 - 4",I20="1 - 4"),25,0)))))+IF(K20=G20,+75,0)+IF(L20="oui",+50,0))+0 -> 0
D21: 46197 | E21: C vs D | F21: D | G21: 0 - 2 | K21: ... | M21: =IF(J21=F21,IF( OR(I21="3 - 1",I21="4 - 1",I21="4 - 2"),100,IF( OR(I21="2 - 1",I21="3 - 2",I21="4 - 3"),75,IF(I21="nul",60,IF( OR(I21="3 - 4",I21="2 - 3",I21="1 - 2"),50,IF( OR(I21="1 - 3",I21="2 - 4",I21="1 - 4"),25,0)))))+IF(K21=G21,+75,0)+IF(L21="oui",+50,0))+0 -> 0
A24: Poule C | D24: Dates | E24: Rencontres | F24: Mes prono | G24: Mes scores | H24: Mes Booster | I24: Côte du prono | J24: Vainqueurs | K24: Les résultats | L24: Booster validé | M24: Points gagnés
A25: Equipe A | B25: Bresil | D25: 46187 | E25: A vs B | F25: N | G25: 0 - 0 | K25: ... | M25: =IF(J25=F25,IF( OR(I25="3 - 1",I25="4 - 1",I25="4 - 2"),100,IF( OR(I25="2 - 1",I25="3 - 2",I25="4 - 3"),75,IF(I25="nul",60,IF( OR(I25="3 - 4",I25="2 - 3",I25="1 - 2"),50,IF( OR(I25="1 - 3",I25="2 - 4",I25="1 - 4"),25,0)))))+IF(K25=G25,+75,0)+IF(L25="oui",+50,0))+0 -> 0
A26: Equipe B | B26: Maroc | D26: 46187 | E26: C vs D | F26: C | G26: 2 - 0 | K26: ... | M26: =IF(J26=F26,IF( OR(I26="3 - 1",I26="4 - 1",I26="4 - 2"),100,IF( OR(I26="2 - 1",I26="3 - 2",I26="4 - 3"),75,IF(I26="nul",60,IF( OR(I26="3 - 4",I26="2 - 3",I26="1 - 2"),50,IF( OR(I26="1 - 3",I26="2 - 4",I26="1 - 4"),25,0)))))+IF(K26=G26,+75,0)+IF(L26="oui",+50,0))+0 -> 0
A27: Equipe C | B27: Ecosse | D27: 46193 | E27: A vs D | F27: A | G27: 3 - 0 | K27: ... | M27: =IF(J27=F27,IF( OR(I27="3 - 1",I27="4 - 1",I27="4 - 2"),100,IF( OR(I27="2 - 1",I27="3 - 2",I27="4 - 3"),75,IF(I27="nul",60,IF( OR(I27="3 - 4",I27="2 - 3",I27="1 - 2"),50,IF( OR(I27="1 - 3",I27="2 - 4",I27="1 - 4"),25,0)))))+IF(K27=G27,+75,0)+IF(L27="oui",+50,0))+0 -> 0
A28: Equipe D | B28: Haïti | D28: 46193 | E28: B vs C | F28: C | G28: 1 - 2 | H28: B60 | K28: ... | M28: =IF(J28=F28,IF( OR(I28="3 - 1",I28="4 - 1",I28="4 - 2"),100,IF( OR(I28="2 - 1",I28="3 - 2",I28="4 - 3"),75,IF(I28="nul",60,IF( OR(I28="3 - 4",I28="2 - 3",I28="1 - 2"),50,IF( OR(I28="1 - 3",I28="2 - 4",I28="1 - 4"),25,0)))))+IF(K28=G28,+75,0)+IF(L28="oui",+50,0))+0 -> 0
D29: 46198 | E29: A vs C | F29: A | G29: 3 - 0 | H29: B101 | K29: ... | M29: =IF(J29=F29,IF( OR(I29="3 - 1",I29="4 - 1",I29="4 - 2"),100,IF( OR(I29="2 - 1",I29="3 - 2",I29="4 - 3"),75,IF(I29="nul",60,IF( OR(I29="3 - 4",I29="2 - 3",I29="1 - 2"),50,IF( OR(I29="1 - 3",I29="2 - 4",I29="1 - 4"),25,0)))))+IF(K29=G29,+75,0)+IF(L29="oui",+50,0))+0 -> 0
D30: 46198 | E30: B vs D | F30: B | G30: 4 - 0 | K30: ... | M30: =IF(J30=F30,IF( OR(I30="3 - 1",I30="4 - 1",I30="4 - 2"),100,IF( OR(I30="2 - 1",I30="3 - 2",I30="4 - 3"),75,IF(I30="nul",60,IF( OR(I30="3 - 4",I30="2 - 3",I30="1 - 2"),50,IF( OR(I30="1 - 3",I30="2 - 4",I30="1 - 4"),25,0)))))+IF(K30=G30,+75,0)+IF(L30="oui",+50,0))+0 -> 0
A33: Poule D | D33: Dates | E33: Rencontres | F33: Mes prono | G33: Mes scores | H33: Mes Booster | I33: Côte du prono | J33: Vainqueurs | K33: Les résultats | L33: Booster validé | M33: Points gagnés
A34: Equipe A | B34: Etat Unis | D34: 46186 | E34: A vs C | F34: A | G34: 4 - 1 | H34: B8 | I34: 1 - 4 | J34: A | K34: 4 - 1 | L34: oui | M34: =IF(J34=F34,IF( OR(I34="3 - 1",I34="4 - 1",I34="4 - 2"),100,IF( OR(I34="2 - 1",I34="3 - 2",I34="4 - 3"),75,IF(I34="nul",60,IF( OR(I34="3 - 4",I34="2 - 3",I34="1 - 2"),50,IF( OR(I34="1 - 3",I34="2 - 4",I34="1 - 4"),25,0)))))+IF(K34=G34,+75,0)+IF(L34="oui",+50,0))+0 -> 150
A35: Equipe B | B35: Australie | D35: 46187 | E35: B vs D | F35: D | G35: 2 - 1 | H35: B15 | K35: ... | M35: =IF(J35=F35,IF( OR(I35="3 - 1",I35="4 - 1",I35="4 - 2"),100,IF( OR(I35="2 - 1",I35="3 - 2",I35="4 - 3"),75,IF(I35="nul",60,IF( OR(I35="3 - 4",I35="2 - 3",I35="1 - 2"),50,IF( OR(I35="1 - 3",I35="2 - 4",I35="1 - 4"),25,0)))))+IF(K35=G35,+75,0)+IF(L35="oui",+50,0))+0 -> 0
A36: Equipe C | B36: Paraguay | D36: 46192 | E36: A vs B | F36: N | G36: 1 - 1 | K36: ... | M36: =IF(J36=F36,IF( OR(I36="3 - 1",I36="4 - 1",I36="4 - 2"),100,IF( OR(I36="2 - 1",I36="3 - 2",I36="4 - 3"),75,IF(I36="nul",60,IF( OR(I36="3 - 4",I36="2 - 3",I36="1 - 2"),50,IF( OR(I36="1 - 3",I36="2 - 4",I36="1 - 4"),25,0)))))+IF(K36=G36,+75,0)+IF(L36="oui",+50,0))+0 -> 0
A37: Equipe D | B37: Turquie | D37: 46193 | E37: C vs D | F37: D | G37: 1 - 0 | K37: ... | M37: =IF(J37=F37,IF( OR(I37="3 - 1",I37="4 - 1",I37="4 - 2"),100,IF( OR(I37="2 - 1",I37="3 - 2",I37="4 - 3"),75,IF(I37="nul",60,IF( OR(I37="3 - 4",I37="2 - 3",I37="1 - 2"),50,IF( OR(I37="1 - 3",I37="2 - 4",I37="1 - 4"),25,0)))))+IF(K37=G37,+75,0)+IF(L37="oui",+50,0))+0 -> 0
D38: 46199 | E38: A vs D | F38: N | G38: 1 - 1 | K38: ... | M38: =IF(J38=F38,IF( OR(I38="3 - 1",I38="4 - 1",I38="4 - 2"),100,IF( OR(I38="2 - 1",I38="3 - 2",I38="4 - 3"),75,IF(I38="nul",60,IF( OR(I38="3 - 4",I38="2 - 3",I38="1 - 2"),50,IF( OR(I38="1 - 3",I38="2 - 4",I38="1 - 4"),25,0)))))+IF(K38=G38,+75,0)+IF(L38="oui",+50,0))+0 -> 0
D39: 46199 | E39: B vs C | F39: C | G39: 1 - 3 | K39: ... | M39: =IF(J39=F39,IF( OR(I39="3 - 1",I39="4 - 1",I39="4 - 2"),100,IF( OR(I39="2 - 1",I39="3 - 2",I39="4 - 3"),75,IF(I39="nul",60,IF( OR(I39="3 - 4",I39="2 - 3",I39="1 - 2"),50,IF( OR(I39="1 - 3",I39="2 - 4",I39="1 - 4"),25,0)))))+IF(K39=G39,+75,0)+IF(L39="oui",+50,0))+0 -> 0
A42: Poule E | D42: Dates | E42: Rencontres | F42: Mes prono | G42: Mes scores | H42: Mes Booster | I42: Côte du prono | J42: Vainqueurs | K42: Les résultats | L42: Booster validé | M42: Points gagnés
A43: Equipe A | B43: Allemagne | D43: 46187 | E43: A vs D | F43: A | G43: 4 - 0 | K43: ... | M43: =IF(J43=F43,IF( OR(I43="3 - 1",I43="4 - 1",I43="4 - 2"),100,IF( OR(I43="2 - 1",I43="3 - 2",I43="4 - 3"),75,IF(I43="nul",60,IF( OR(I43="3 - 4",I43="2 - 3",I43="1 - 2"),50,IF( OR(I43="1 - 3",I43="2 - 4",I43="1 - 4"),25,0)))))+IF(K43=G43,+75,0)+IF(L43="oui",+50,0))+0 -> 0
A44: Equipe B | B44: Equateur | D44: 46188 | E44: B vs C | F44: B | G44: 1 - 0 | H44: B21 | K44: ... | M44: =IF(J44=F44,IF( OR(I44="3 - 1",I44="4 - 1",I44="4 - 2"),100,IF( OR(I44="2 - 1",I44="3 - 2",I44="4 - 3"),75,IF(I44="nul",60,IF( OR(I44="3 - 4",I44="2 - 3",I44="1 - 2"),50,IF( OR(I44="1 - 3",I44="2 - 4",I44="1 - 4"),25,0)))))+IF(K44=G44,+75,0)+IF(L44="oui",+50,0))+0 -> 0
A45: Equipe C | B45: Cote d'Ivoire | D45: 46193 | E45: A vs C | F45: A | G45: 3 - 1 | K45: ... | M45: =IF(J45=F45,IF( OR(I45="3 - 1",I45="4 - 1",I45="4 - 2"),100,IF( OR(I45="2 - 1",I45="3 - 2",I45="4 - 3"),75,IF(I45="nul",60,IF( OR(I45="3 - 4",I45="2 - 3",I45="1 - 2"),50,IF( OR(I45="1 - 3",I45="2 - 4",I45="1 - 4"),25,0)))))+IF(K45=G45,+75,0)+IF(L45="oui",+50,0))+0 -> 0
A46: Equipe D | B46: Curaçao | D46: 46194 | E46: B vs D | F46: B | G46: 2 - 0 | K46: ... | M46: =IF(J46=F46,IF( OR(I46="3 - 1",I46="4 - 1",I46="4 - 2"),100,IF( OR(I46="2 - 1",I46="3 - 2",I46="4 - 3"),75,IF(I46="nul",60,IF( OR(I46="3 - 4",I46="2 - 3",I46="1 - 2"),50,IF( OR(I46="1 - 3",I46="2 - 4",I46="1 - 4"),25,0)))))+IF(K46=G46,+75,0)+IF(L46="oui",+50,0))+0 -> 0
D47: 46198 | E47: A vs B | F47: A | G47: 1 - 0 | K47: ... | M47: =IF(J47=F47,IF( OR(I47="3 - 1",I47="4 - 1",I47="4 - 2"),100,IF( OR(I47="2 - 1",I47="3 - 2",I47="4 - 3"),75,IF(I47="nul",60,IF( OR(I47="3 - 4",I47="2 - 3",I47="1 - 2"),50,IF( OR(I47="1 - 3",I47="2 - 4",I47="1 - 4"),25,0)))))+IF(K47=G47,+75,0)+IF(L47="oui",+50,0))+0 -> 0
D48: 46198 | E48: C vs D | F48: C | G48: 2 - 0 | K48: ... | M48: =IF(J48=F48,IF( OR(I48="3 - 1",I48="4 - 1",I48="4 - 2"),100,IF( OR(I48="2 - 1",I48="3 - 2",I48="4 - 3"),75,IF(I48="nul",60,IF( OR(I48="3 - 4",I48="2 - 3",I48="1 - 2"),50,IF( OR(I48="1 - 3",I48="2 - 4",I48="1 - 4"),25,0)))))+IF(K48=G48,+75,0)+IF(L48="oui",+50,0))+0 -> 0
A51: Poule F | D51: Dates | E51: Rencontres | F51: Mes prono | G51: Mes scores | H51: Mes Booster | I51: Côte du prono | J51: Vainqueurs | K51: Les résultats | L51: Booster validé | M51: Points gagnés
A52: Equipe A | B52: Pays Bas | D52: 46187 | E52: A vs B | F52: A | G52: 1 - 0 | K52: ... | M52: =IF(J52=F52,IF( OR(I52="3 - 1",I52="4 - 1",I52="4 - 2"),100,IF( OR(I52="2 - 1",I52="3 - 2",I52="4 - 3"),75,IF(I52="nul",60,IF( OR(I52="3 - 4",I52="2 - 3",I52="1 - 2"),50,IF( OR(I52="1 - 3",I52="2 - 4",I52="1 - 4"),25,0)))))+IF(K52=G52,+75,0)+IF(L52="oui",+50,0))+0 -> 0
A53: Equipe B | B53: Japon | D53: 46188 | E53: C vs D | F53: D | G53: 2 - 0 | K53: ... | M53: =IF(J53=F53,IF( OR(I53="3 - 1",I53="4 - 1",I53="4 - 2"),100,IF( OR(I53="2 - 1",I53="3 - 2",I53="4 - 3"),75,IF(I53="nul",60,IF( OR(I53="3 - 4",I53="2 - 3",I53="1 - 2"),50,IF( OR(I53="1 - 3",I53="2 - 4",I53="1 - 4"),25,0)))))+IF(K53=G53,+75,0)+IF(L53="oui",+50,0))+0 -> 0
A54: Equipe C | B54: Tunisie | D54: 46193 | E54: A vs D | F54: N | G54: 2 - 2 | K54: ... | M54: =IF(J54=F54,IF( OR(I54="3 - 1",I54="4 - 1",I54="4 - 2"),100,IF( OR(I54="2 - 1",I54="3 - 2",I54="4 - 3"),75,IF(I54="nul",60,IF( OR(I54="3 - 4",I54="2 - 3",I54="1 - 2"),50,IF( OR(I54="1 - 3",I54="2 - 4",I54="1 - 4"),25,0)))))+IF(K54=G54,+75,0)+IF(L54="oui",+50,0))+0 -> 0
A55: Equipe D | B55: Suede | D55: 46194 | E55: B vs C | F55: N | G55: 0 - 0 | K55: ... | M55: =IF(J55=F55,IF( OR(I55="3 - 1",I55="4 - 1",I55="4 - 2"),100,IF( OR(I55="2 - 1",I55="3 - 2",I55="4 - 3"),75,IF(I55="nul",60,IF( OR(I55="3 - 4",I55="2 - 3",I55="1 - 2"),50,IF( OR(I55="1 - 3",I55="2 - 4",I55="1 - 4"),25,0)))))+IF(K55=G55,+75,0)+IF(L55="oui",+50,0))+0 -> 0
D56: 46199 | E56: A vs C | F56: A | G56: 2 - 1 | K56: ... | M56: =IF(J56=F56,IF( OR(I56="3 - 1",I56="4 - 1",I56="4 - 2"),100,IF( OR(I56="2 - 1",I56="3 - 2",I56="4 - 3"),75,IF(I56="nul",60,IF( OR(I56="3 - 4",I56="2 - 3",I56="1 - 2"),50,IF( OR(I56="1 - 3",I56="2 - 4",I56="1 - 4"),25,0)))))+IF(K56=G56,+75,0)+IF(L56="oui",+50,0))+0 -> 0
D57: 46199 | E57: B vs D | F57: N | G57: 1 - 1 | K57: ... | M57: =IF(J57=F57,IF( OR(I57="3 - 1",I57="4 - 1",I57="4 - 2"),100,IF( OR(I57="2 - 1",I57="3 - 2",I57="4 - 3"),75,IF(I57="nul",60,IF( OR(I57="3 - 4",I57="2 - 3",I57="1 - 2"),50,IF( OR(I57="1 - 3",I57="2 - 4",I57="1 - 4"),25,0)))))+IF(K57=G57,+75,0)+IF(L57="oui",+50,0))+0 -> 0
A60: Poule G | D60: Dates | E60: Rencontres | F60: Mes prono | G60: Mes scores | H60: Mes Booster | I60: Côte du prono | J60: Vainqueurs | K60: Les résultats | L60: Booster validé | M60: Points gagnés
A61: Equipe A | B61: Belgique | D61: 46188 | E61: A vs C | F61: A | G61: 2 - 0 | K61: ... | M61: =IF(J61=F61,IF( OR(I61="3 - 1",I61="4 - 1",I61="4 - 2"),100,IF( OR(I61="2 - 1",I61="3 - 2",I61="4 - 3"),75,IF(I61="nul",60,IF( OR(I61="3 - 4",I61="2 - 3",I61="1 - 2"),50,IF( OR(I61="1 - 3",I61="2 - 4",I61="1 - 4"),25,0)))))+IF(K61=G61,+75,0)+IF(L61="oui",+50,0))+0 -> 0
A62: Equipe B | B62: Iran | D62: 46189 | E62: B vs D | F62: B | G62: 2 - 1 | K62: ... | M62: =IF(J62=F62,IF( OR(I62="3 - 1",I62="4 - 1",I62="4 - 2"),100,IF( OR(I62="2 - 1",I62="3 - 2",I62="4 - 3"),75,IF(I62="nul",60,IF( OR(I62="3 - 4",I62="2 - 3",I62="1 - 2"),50,IF( OR(I62="1 - 3",I62="2 - 4",I62="1 - 4"),25,0)))))+IF(K62=G62,+75,0)+IF(L62="oui",+50,0))+0 -> 0
A63: Equipe C | B63: Egypte | D63: 46194 | E63: A vs B | F63: A | G63: 3 - 0 | H63: B76 | K63: ... | M63: =IF(J63=F63,IF( OR(I63="3 - 1",I63="4 - 1",I63="4 - 2"),100,IF( OR(I63="2 - 1",I63="3 - 2",I63="4 - 3"),75,IF(I63="nul",60,IF( OR(I63="3 - 4",I63="2 - 3",I63="1 - 2"),50,IF( OR(I63="1 - 3",I63="2 - 4",I63="1 - 4"),25,0)))))+IF(K63=G63,+75,0)+IF(L63="oui",+50,0))+0 -> 0
A64: Equipe D | B64: Nouvelle Zelande | D64: 46195 | E64: C vs D | F64: C | G64: 2 - 0 | K64: ... | M64: =IF(J64=F64,IF( OR(I64="3 - 1",I64="4 - 1",I64="4 - 2"),100,IF( OR(I64="2 - 1",I64="3 - 2",I64="4 - 3"),75,IF(I64="nul",60,IF( OR(I64="3 - 4",I64="2 - 3",I64="1 - 2"),50,IF( OR(I64="1 - 3",I64="2 - 4",I64="1 - 4"),25,0)))))+IF(K64=G64,+75,0)+IF(L64="oui",+50,0))+0 -> 0
D65: 46200 | E65: A vs D | F65: A | G65: 4 - 0 | H65: B129 | K65: ... | M65: =IF(J65=F65,IF( OR(I65="3 - 1",I65="4 - 1",I65="4 - 2"),100,IF( OR(I65="2 - 1",I65="3 - 2",I65="4 - 3"),75,IF(I65="nul",60,IF( OR(I65="3 - 4",I65="2 - 3",I65="1 - 2"),50,IF( OR(I65="1 - 3",I65="2 - 4",I65="1 - 4"),25,0)))))+IF(K65=G65,+75,0)+IF(L65="oui",+50,0))+0 -> 0
D66: 46200 | E66: B vs C | F66: C | G66: 0 - 2 | K66: ... | M66: =IF(J66=F66,IF( OR(I66="3 - 1",I66="4 - 1",I66="4 - 2"),100,IF( OR(I66="2 - 1",I66="3 - 2",I66="4 - 3"),75,IF(I66="nul",60,IF( OR(I66="3 - 4",I66="2 - 3",I66="1 - 2"),50,IF( OR(I66="1 - 3",I66="2 - 4",I66="1 - 4"),25,0)))))+IF(K66=G66,+75,0)+IF(L66="oui",+50,0))+0 -> 0
A69: Poule H | D69: Dates | E69: Rencontres | F69: Mes prono | G69: Mes scores | H69: Mes Booster | I69: Côte du prono | J69: Vainqueurs | K69: Les résultats | L69: Booster validé | M69: Points gagnés
A70: Equipe A | B70: Espagne | D70: 46188 | E70: A vs D | F70: A | G70: 3 - 0 | K70: ... | M70: =IF(J70=F70,IF( OR(I70="3 - 1",I70="4 - 1",I70="4 - 2"),100,IF( OR(I70="2 - 1",I70="3 - 2",I70="4 - 3"),75,IF(I70="nul",60,IF( OR(I70="3 - 4",I70="2 - 3",I70="1 - 2"),50,IF( OR(I70="1 - 3",I70="2 - 4",I70="1 - 4"),25,0)))))+IF(K70=G70,+75,0)+IF(L70="oui",+50,0))+0 -> 0
A71: Equipe B | B71: Uruguay | D71: 46189 | E71: B vs C | F71: B | G71: 2 - 0 | K71: ... | M71: =IF(J71=F71,IF( OR(I71="3 - 1",I71="4 - 1",I71="4 - 2"),100,IF( OR(I71="2 - 1",I71="3 - 2",I71="4 - 3"),75,IF(I71="nul",60,IF( OR(I71="3 - 4",I71="2 - 3",I71="1 - 2"),50,IF( OR(I71="1 - 3",I71="2 - 4",I71="1 - 4"),25,0)))))+IF(K71=G71,+75,0)+IF(L71="oui",+50,0))+0 -> 0
A72: Equipe C | B72: Arabie Saoudite | D72: 46194 | E72: A vs C | F72: A | G72: 4 - 0 | K72: ... | M72: =IF(J72=F72,IF( OR(I72="3 - 1",I72="4 - 1",I72="4 - 2"),100,IF( OR(I72="2 - 1",I72="3 - 2",I72="4 - 3"),75,IF(I72="nul",60,IF( OR(I72="3 - 4",I72="2 - 3",I72="1 - 2"),50,IF( OR(I72="1 - 3",I72="2 - 4",I72="1 - 4"),25,0)))))+IF(K72=G72,+75,0)+IF(L72="oui",+50,0))+0 -> 0
A73: Equipe D | B73: Cap Vert | D73: 46195 | E73: B vs D | F73: B | G73: 2 - 1 | K73: ... | M73: =IF(J73=F73,IF( OR(I73="3 - 1",I73="4 - 1",I73="4 - 2"),100,IF( OR(I73="2 - 1",I73="3 - 2",I73="4 - 3"),75,IF(I73="nul",60,IF( OR(I73="3 - 4",I73="2 - 3",I73="1 - 2"),50,IF( OR(I73="1 - 3",I73="2 - 4",I73="1 - 4"),25,0)))))+IF(K73=G73,+75,0)+IF(L73="oui",+50,0))+0 -> 0
D74: 46200 | E74: A vs B | F74: A | G74: 3 - 1 | K74: ... | M74: =IF(J74=F74,IF( OR(I74="3 - 1",I74="4 - 1",I74="4 - 2"),100,IF( OR(I74="2 - 1",I74="3 - 2",I74="4 - 3"),75,IF(I74="nul",60,IF( OR(I74="3 - 4",I74="2 - 3",I74="1 - 2"),50,IF( OR(I74="1 - 3",I74="2 - 4",I74="1 - 4"),25,0)))))+IF(K74=G74,+75,0)+IF(L74="oui",+50,0))+0 -> 0
D75: 46200 | E75: C vs D | F75: N | G75: 0 - 0 | K75: ... | M75: =IF(J75=F75,IF( OR(I75="3 - 1",I75="4 - 1",I75="4 - 2"),100,IF( OR(I75="2 - 1",I75="3 - 2",I75="4 - 3"),75,IF(I75="nul",60,IF( OR(I75="3 - 4",I75="2 - 3",I75="1 - 2"),50,IF( OR(I75="1 - 3",I75="2 - 4",I75="1 - 4"),25,0)))))+IF(K75=G75,+75,0)+IF(L75="oui",+50,0))+0 -> 0
A78: Poule I | D78: Dates | E78: Rencontres | F78: Mes prono | G78: Mes scores | H78: Mes Booster | I78: Côte du prono | J78: Vainqueurs | K78: Les résultats | L78: Booster validé | M78: Points gagnés
A79: Equipe A | B79: France | D79: 46189 | E79: A vs B | F79: A | G79: 1 - 0 | H79: B34 | K79: ... | M79: =IF(J79=F79,IF( OR(I79="3 - 1",I79="4 - 1",I79="4 - 2"),100,IF( OR(I79="2 - 1",I79="3 - 2",I79="4 - 3"),75,IF(I79="nul",60,IF( OR(I79="3 - 4",I79="2 - 3",I79="1 - 2"),50,IF( OR(I79="1 - 3",I79="2 - 4",I79="1 - 4"),25,0)))))+IF(K79=G79,+75,0)+IF(L79="oui",+50,0))+0 -> 0
A80: Equipe B | B80: Senegal | D80: 46190 | E80: C vs D | F80: C | G80: 2 - 1 | K80: ... | M80: =IF(J80=F80,IF( OR(I80="3 - 1",I80="4 - 1",I80="4 - 2"),100,IF( OR(I80="2 - 1",I80="3 - 2",I80="4 - 3"),75,IF(I80="nul",60,IF( OR(I80="3 - 4",I80="2 - 3",I80="1 - 2"),50,IF( OR(I80="1 - 3",I80="2 - 4",I80="1 - 4"),25,0)))))+IF(K80=G80,+75,0)+IF(L80="oui",+50,0))+0 -> 0
A81: Equipe C | B81: Norvege | D81: 46195 | E81: A vs D | F81: A | G81: 4 - 0 | H81: B84 | K81: ... | M81: =IF(J81=F81,IF( OR(I81="3 - 1",I81="4 - 1",I81="4 - 2"),100,IF( OR(I81="2 - 1",I81="3 - 2",I81="4 - 3"),75,IF(I81="nul",60,IF( OR(I81="3 - 4",I81="2 - 3",I81="1 - 2"),50,IF( OR(I81="1 - 3",I81="2 - 4",I81="1 - 4"),25,0)))))+IF(K81=G81,+75,0)+IF(L81="oui",+50,0))+0 -> 0
A82: Equipe D | B82: Irak | D82: 46196 | E82: B vs C | F82: C | G82: 1 - 2 | K82: ... | M82: =IF(J82=F82,IF( OR(I82="3 - 1",I82="4 - 1",I82="4 - 2"),100,IF( OR(I82="2 - 1",I82="3 - 2",I82="4 - 3"),75,IF(I82="nul",60,IF( OR(I82="3 - 4",I82="2 - 3",I82="1 - 2"),50,IF( OR(I82="1 - 3",I82="2 - 4",I82="1 - 4"),25,0)))))+IF(K82=G82,+75,0)+IF(L82="oui",+50,0))+0 -> 0
D83: 46199 | E83: A vs C | F83: A | G83: 3 - 1 | H83: B122 | K83: ... | M83: =IF(J83=F83,IF( OR(I83="3 - 1",I83="4 - 1",I83="4 - 2"),100,IF( OR(I83="2 - 1",I83="3 - 2",I83="4 - 3"),75,IF(I83="nul",60,IF( OR(I83="3 - 4",I83="2 - 3",I83="1 - 2"),50,IF( OR(I83="1 - 3",I83="2 - 4",I83="1 - 4"),25,0)))))+IF(K83=G83,+75,0)+IF(L83="oui",+50,0))+0 -> 0
D84: 46199 | E84: B vs D | F84: B | G84: 2 - 0 | K84: ... | M84: =IF(J84=F84,IF( OR(I84="3 - 1",I84="4 - 1",I84="4 - 2"),100,IF( OR(I84="2 - 1",I84="3 - 2",I84="4 - 3"),75,IF(I84="nul",60,IF( OR(I84="3 - 4",I84="2 - 3",I84="1 - 2"),50,IF( OR(I84="1 - 3",I84="2 - 4",I84="1 - 4"),25,0)))))+IF(K84=G84,+75,0)+IF(L84="oui",+50,0))+0 -> 0
A87: Poule J | D87: Dates | E87: Rencontres | F87: Mes prono | G87: Mes scores | H87: Mes Booster | I87: Côte du prono | J87: Vainqueurs | K87: Les résultats | L87: Booster validé | M87: Points gagnés
A88: Equipe A | B88: Argentine | D88: 46190 | E88: A vs C | F88: A | G88: 3 - 1 | K88: ... | M88: =IF(J88=F88,IF( OR(I88="3 - 1",I88="4 - 1",I88="4 - 2"),100,IF( OR(I88="2 - 1",I88="3 - 2",I88="4 - 3"),75,IF(I88="nul",60,IF( OR(I88="3 - 4",I88="2 - 3",I88="1 - 2"),50,IF( OR(I88="1 - 3",I88="2 - 4",I88="1 - 4"),25,0)))))+IF(K88=G88,+75,0)+IF(L88="oui",+50,0))+0 -> 0
A89: Equipe B | B89: Autriche | D89: 46190 | E89: B vs D | F89: B | G89: 2 - 0 | K89: ... | M89: =IF(J89=F89,IF( OR(I89="3 - 1",I89="4 - 1",I89="4 - 2"),100,IF( OR(I89="2 - 1",I89="3 - 2",I89="4 - 3"),75,IF(I89="nul",60,IF( OR(I89="3 - 4",I89="2 - 3",I89="1 - 2"),50,IF( OR(I89="1 - 3",I89="2 - 4",I89="1 - 4"),25,0)))))+IF(K89=G89,+75,0)+IF(L89="oui",+50,0))+0 -> 0
A90: Equipe C | B90: Algerie | D90: 46195 | E90: A vs B | F90: A | G90: 3 - 1 | K90: ... | M90: =IF(J90=F90,IF( OR(I90="3 - 1",I90="4 - 1",I90="4 - 2"),100,IF( OR(I90="2 - 1",I90="3 - 2",I90="4 - 3"),75,IF(I90="nul",60,IF( OR(I90="3 - 4",I90="2 - 3",I90="1 - 2"),50,IF( OR(I90="1 - 3",I90="2 - 4",I90="1 - 4"),25,0)))))+IF(K90=G90,+75,0)+IF(L90="oui",+50,0))+0 -> 0
A91: Equipe D | B91: Jordanie | D91: 46196 | E91: C vs D | F91: C | G91: 2 - 0 | K91: ... | M91: =IF(J91=F91,IF( OR(I91="3 - 1",I91="4 - 1",I91="4 - 2"),100,IF( OR(I91="2 - 1",I91="3 - 2",I91="4 - 3"),75,IF(I91="nul",60,IF( OR(I91="3 - 4",I91="2 - 3",I91="1 - 2"),50,IF( OR(I91="1 - 3",I91="2 - 4",I91="1 - 4"),25,0)))))+IF(K91=G91,+75,0)+IF(L91="oui",+50,0))+0 -> 0
D92: 46201 | E92: A vs D | F92: A | G92: 4 - 0 | K92: ... | M92: =IF(J92=F92,IF( OR(I92="3 - 1",I92="4 - 1",I92="4 - 2"),100,IF( OR(I92="2 - 1",I92="3 - 2",I92="4 - 3"),75,IF(I92="nul",60,IF( OR(I92="3 - 4",I92="2 - 3",I92="1 - 2"),50,IF( OR(I92="1 - 3",I92="2 - 4",I92="1 - 4"),25,0)))))+IF(K92=G92,+75,0)+IF(L92="oui",+50,0))+0 -> 0
D93: 46201 | E93: B vs C | F93: C | G93: 1 - 3 | H93: B143 | K93: ... | M93: =IF(J93=F93,IF( OR(I93="3 - 1",I93="4 - 1",I93="4 - 2"),100,IF( OR(I93="2 - 1",I93="3 - 2",I93="4 - 3"),75,IF(I93="nul",60,IF( OR(I93="3 - 4",I93="2 - 3",I93="1 - 2"),50,IF( OR(I93="1 - 3",I93="2 - 4",I93="1 - 4"),25,0)))))+IF(K93=G93,+75,0)+IF(L93="oui",+50,0))+0 -> 0
A96: Poule K | D96: Dates | E96: Rencontres | F96: Mes prono | G96: Mes scores | H96: Mes Booster | I96: Côte du prono | J96: Vainqueurs | K96: Les résultats | L96: Booster validé | M96: Points gagnés
A97: Equipe A | B97: Portugal | D97: 46190 | E97: A vs D | F97: A | G97: 4 - 0 | H97: B41 | K97: - | M97: =IF(J97=F97,IF( OR(I97="3 - 1",I97="4 - 1",I97="4 - 2"),100,IF( OR(I97="2 - 1",I97="3 - 2",I97="4 - 3"),75,IF(I97="nul",60,IF( OR(I97="3 - 4",I97="2 - 3",I97="1 - 2"),50,IF( OR(I97="1 - 3",I97="2 - 4",I97="1 - 4"),25,0)))))+IF(K97=G97,+75,0)+IF(L97="oui",+50,0))+0 -> 0
A98: Equipe B | B98: Colombie | D98: 46191 | E98: B vs C | F98: B | G98: 2 - 0 | K98: - | M98: =IF(J98=F98,IF( OR(I98="3 - 1",I98="4 - 1",I98="4 - 2"),100,IF( OR(I98="2 - 1",I98="3 - 2",I98="4 - 3"),75,IF(I98="nul",60,IF( OR(I98="3 - 4",I98="2 - 3",I98="1 - 2"),50,IF( OR(I98="1 - 3",I98="2 - 4",I98="1 - 4"),25,0)))))+IF(K98=G98,+75,0)+IF(L98="oui",+50,0))+0 -> 0
A99: Equipe C | B99: Ouzbekistan | D99: 46196 | E99: A vs C | F99: A | G99: 4 - 0 | H99: B89 | K99: - | M99: =IF(J99=F99,IF( OR(I99="3 - 1",I99="4 - 1",I99="4 - 2"),100,IF( OR(I99="2 - 1",I99="3 - 2",I99="4 - 3"),75,IF(I99="nul",60,IF( OR(I99="3 - 4",I99="2 - 3",I99="1 - 2"),50,IF( OR(I99="1 - 3",I99="2 - 4",I99="1 - 4"),25,0)))))+IF(K99=G99,+75,0)+IF(L99="oui",+50,0))+0 -> 0
A100: Equipe D | B100: RD Congo | D100: 46197 | E100: B vs D | F100: B | G100: 2 - 0 | K100: - | M100: =IF(J100=F100,IF( OR(I100="3 - 1",I100="4 - 1",I100="4 - 2"),100,IF( OR(I100="2 - 1",I100="3 - 2",I100="4 - 3"),75,IF(I100="nul",60,IF( OR(I100="3 - 4",I100="2 - 3",I100="1 - 2"),50,IF( OR(I100="1 - 3",I100="2 - 4",I100="1 - 4"),25,0)))))+IF(K100=G100,+75,0)+IF(L100="oui",+50,0))+0 -> 0
D101: 46201 | E101: A vs B | F101: A | G101: 2 - 1 | K101: - | M101: =IF(J101=F101,IF( OR(I101="3 - 1",I101="4 - 1",I101="4 - 2"),100,IF( OR(I101="2 - 1",I101="3 - 2",I101="4 - 3"),75,IF(I101="nul",60,IF( OR(I101="3 - 4",I101="2 - 3",I101="1 - 2"),50,IF( OR(I101="1 - 3",I101="2 - 4",I101="1 - 4"),25,0)))))+IF(K101=G101,+75,0)+IF(L101="oui",+50,0))+0 -> 0
D102: 46201 | E102: C vs D | F102: D | G102: 0 - 1 | K102: - | M102: =IF(J102=F102,IF( OR(I102="3 - 1",I102="4 - 1",I102="4 - 2"),100,IF( OR(I102="2 - 1",I102="3 - 2",I102="4 - 3"),75,IF(I102="nul",60,IF( OR(I102="3 - 4",I102="2 - 3",I102="1 - 2"),50,IF( OR(I102="1 - 3",I102="2 - 4",I102="1 - 4"),25,0)))))+IF(K102=G102,+75,0)+IF(L102="oui",+50,0))+0 -> 0
A105: Poule L | D105: Dates | E105: Rencontres | F105: Mes prono | G105: Mes scores | H105: Mes Booster | I105: Côte du prono | J105: Vainqueurs | K105: Les résultats | L105: Booster validé | M105: Points gagnés
A106: Equipe A | B106: Angleterre | D106: 46190 | E106: A vs B | F106: A | G106: 3 - 1 | K106: - | M106: =IF(J106=F106,IF( OR(I106="3 - 1",I106="4 - 1",I106="4 - 2"),100,IF( OR(I106="2 - 1",I106="3 - 2",I106="4 - 3"),75,IF(I106="nul",60,IF( OR(I106="3 - 4",I106="2 - 3",I106="1 - 2"),50,IF( OR(I106="1 - 3",I106="2 - 4",I106="1 - 4"),25,0)))))+IF(K106=G106,+75,0)+IF(L106="oui",+50,0))+0 -> 0
A107: Equipe B | B107: Croacie | D107: 46191 | E107: C vs D | F107: C | G107: 1 - 0 | H107: B46 | K107: - | M107: =IF(J107=F107,IF( OR(I107="3 - 1",I107="4 - 1",I107="4 - 2"),100,IF( OR(I107="2 - 1",I107="3 - 2",I107="4 - 3"),75,IF(I107="nul",60,IF( OR(I107="3 - 4",I107="2 - 3",I107="1 - 2"),50,IF( OR(I107="1 - 3",I107="2 - 4",I107="1 - 4"),25,0)))))+IF(K107=G107,+75,0)+IF(L107="oui",+50,0))+0 -> 0
A108: Equipe C | B108: Panama | D108: 46196 | E108: A vs D | F108: A | G108: 3 - 0 | K108: - | M108: =IF(J108=F108,IF( OR(I108="3 - 1",I108="4 - 1",I108="4 - 2"),100,IF( OR(I108="2 - 1",I108="3 - 2",I108="4 - 3"),75,IF(I108="nul",60,IF( OR(I108="3 - 4",I108="2 - 3",I108="1 - 2"),50,IF( OR(I108="1 - 3",I108="2 - 4",I108="1 - 4"),25,0)))))+IF(K108=G108,+75,0)+IF(L108="oui",+50,0))+0 -> 0
A109: Equipe D | B109: Ghana | D109: 46197 | E109: B vs C | F109: B | G109: 2 - 0 | H109: B94 | K109: - | M109: =IF(J109=F109,IF( OR(I109="3 - 1",I109="4 - 1",I109="4 - 2"),100,IF( OR(I109="2 - 1",I109="3 - 2",I109="4 - 3"),75,IF(I109="nul",60,IF( OR(I109="3 - 4",I109="2 - 3",I109="1 - 2"),50,IF( OR(I109="1 - 3",I109="2 - 4",I109="1 - 4"),25,0)))))+IF(K109=G109,+75,0)+IF(L109="oui",+50,0))+0 -> 0
D110: 46200 | E110: A vs C | F110: A | G110: 3 - 0 | K110: - | M110: =IF(J110=F110,IF( OR(I110="3 - 1",I110="4 - 1",I110="4 - 2"),100,IF( OR(I110="2 - 1",I110="3 - 2",I110="4 - 3"),75,IF(I110="nul",60,IF( OR(I110="3 - 4",I110="2 - 3",I110="1 - 2"),50,IF( OR(I110="1 - 3",I110="2 - 4",I110="1 - 4"),25,0)))))+IF(K110=G110,+75,0)+IF(L110="oui",+50,0))+0 -> 0
D111: 46200 | E111: B vs D | F111: B | G111: 2 - 0 | K111: - | M111: =IF(J111=F111,IF( OR(I111="3 - 1",I111="4 - 1",I111="4 - 2"),100,IF( OR(I111="2 - 1",I111="3 - 2",I111="4 - 3"),75,IF(I111="nul",60,IF( OR(I111="3 - 4",I111="2 - 3",I111="1 - 2"),50,IF( OR(I111="1 - 3",I111="2 - 4",I111="1 - 4"),25,0)))))+IF(K111=G111,+75,0)+IF(L111="oui",+50,0))+0 -> 0

Sheet Chloé 1
B1: Joueur : Chloé | C1: Meilleur buteur de la CDM : | F1: Olise
C2: Meilleur passeur de la CDM : | F2: Doue
C3: Meilleur joueur de la CDM : | F3: Dembele
C4: Gagnant de la CDM : | F4: France
A6: Poule A | D6: Dates | E6: Rencontres | F6: Mes prono | G6: Mes scores | H6: Mes Booster | I6: Côte du prono | J6: Vainqueurs | K6: Les résultats | L6: Booster validé | M6: Points gagnés
A7: Equipe A | B7: Mexique | D7: 46184 | E7: A vs C | F7: N | G7: 1 - 1 | H7: B2 | I7: nul | J7: A | K7: 2 - 0 | L7: non | M7: =IF(J7=F7,IF( OR(I7="3 - 1",I7="4 - 1",I7="4 - 2"),100,IF( OR(I7="2 - 1",I7="3 - 2",I7="4 - 3"),75,IF(I7="nul",60,IF( OR(I7="3 - 4",I7="2 - 3",I7="1 - 2"),50,IF( OR(I7="1 - 3",I7="2 - 4",I7="1 - 4"),25,0)))))+IF(K7=G7,+75,0)+IF(L7="oui",+50,0))+0 -> 0
A8: Equipe B | B8: Coree du sud | D8: 46185 | E8: B vs D | F8: B | G8: 2 - 0 | H8: B3 | I8: 2 - 3 | J8: B | K8: 2 - 1 | L8: oui | M8: =IF(J8=F8,IF( OR(I8="3 - 1",I8="4 - 1",I8="4 - 2"),100,IF( OR(I8="2 - 1",I8="3 - 2",I8="4 - 3"),75,IF(I8="nul",60,IF( OR(I8="3 - 4",I8="2 - 3",I8="1 - 2"),50,IF( OR(I8="1 - 3",I8="2 - 4",I8="1 - 4"),25,0)))))+IF(K8=G8,+75,0)+IF(L8="oui",+50,0))+0 -> 100
A9: Equipe C | B9: Afrique du sud | D9: 46191 | E9: C vs D | F9: ... | K9: ... | M9: =IF(J9=F9,IF( OR(I9="3 - 1",I9="4 - 1",I9="4 - 2"),100,IF( OR(I9="2 - 1",I9="3 - 2",I9="4 - 3"),75,IF(I9="nul",60,IF( OR(I9="3 - 4",I9="2 - 3",I9="1 - 2"),50,IF( OR(I9="1 - 3",I9="2 - 4",I9="1 - 4"),25,0)))))+IF(K9=G9,+75,0)+IF(L9="oui",+50,0))+0 -> 0
A10: Equipe D | B10: Republique tchèque | D10: 46192 | E10: A vs B | F10: ... | K10: ... | M10: =IF(J10=F10,IF( OR(I10="3 - 1",I10="4 - 1",I10="4 - 2"),100,IF( OR(I10="2 - 1",I10="3 - 2",I10="4 - 3"),75,IF(I10="nul",60,IF( OR(I10="3 - 4",I10="2 - 3",I10="1 - 2"),50,IF( OR(I10="1 - 3",I10="2 - 4",I10="1 - 4"),25,0)))))+IF(K10=G10,+75,0)+IF(L10="oui",+50,0))+0 -> 0
D11: 46198 | E11: A vs D | F11: ... | K11: ... | M11: =IF(J11=F11,IF( OR(I11="3 - 1",I11="4 - 1",I11="4 - 2"),100,IF( OR(I11="2 - 1",I11="3 - 2",I11="4 - 3"),75,IF(I11="nul",60,IF( OR(I11="3 - 4",I11="2 - 3",I11="1 - 2"),50,IF( OR(I11="1 - 3",I11="2 - 4",I11="1 - 4"),25,0)))))+IF(K11=G11,+75,0)+IF(L11="oui",+50,0))+0 -> 0
D12: 46198 | E12: B vs C | F12: ... | K12: ... | M12: =IF(J12=F12,IF( OR(I12="3 - 1",I12="4 - 1",I12="4 - 2"),100,IF( OR(I12="2 - 1",I12="3 - 2",I12="4 - 3"),75,IF(I12="nul",60,IF( OR(I12="3 - 4",I12="2 - 3",I12="1 - 2"),50,IF( OR(I12="1 - 3",I12="2 - 4",I12="1 - 4"),25,0)))))+IF(K12=G12,+75,0)+IF(L12="oui",+50,0))+0 -> 0
A15: Poule B | D15: Dates | E15: Rencontres | F15: Mes prono | G15: Mes scores | H15: Mes Booster | I15: Côte du prono | J15: Vainqueurs | K15: Les résultats | L15: Booster validé | M15: Points gagnés
A16: Equipe A | B16: Canada | D16: 46185 | E16: A vs D | F16: A | G16: 1 - 0 | I16: 2 - 4 | J16: nul | K16: 1 - 1 | M16: =IF(J16=F16,IF( OR(I16="3 - 1",I16="4 - 1",I16="4 - 2"),100,IF( OR(I16="2 - 1",I16="3 - 2",I16="4 - 3"),75,IF(I16="nul",60,IF( OR(I16="3 - 4",I16="2 - 3",I16="1 - 2"),50,IF( OR(I16="1 - 3",I16="2 - 4",I16="1 - 4"),25,0)))))+IF(K16=G16,+75,0)+IF(L16="oui",+50,0))+0 -> 0
A17: Equipe B | B17: Suisse | D17: 46186 | E17: B vs C | F17: B | G17: 2 - 1 | H17: B9 | K17: ... | M17: =IF(J17=F17,IF( OR(I17="3 - 1",I17="4 - 1",I17="4 - 2"),100,IF( OR(I17="2 - 1",I17="3 - 2",I17="4 - 3"),75,IF(I17="nul",60,IF( OR(I17="3 - 4",I17="2 - 3",I17="1 - 2"),50,IF( OR(I17="1 - 3",I17="2 - 4",I17="1 - 4"),25,0)))))+IF(K17=G17,+75,0)+IF(L17="oui",+50,0))+0 -> 0
A18: Equipe C | B18: Qatar | D18: 46192 | E18: A vs C | F18: ... | K18: ... | M18: =IF(J18=F18,IF( OR(I18="3 - 1",I18="4 - 1",I18="4 - 2"),100,IF( OR(I18="2 - 1",I18="3 - 2",I18="4 - 3"),75,IF(I18="nul",60,IF( OR(I18="3 - 4",I18="2 - 3",I18="1 - 2"),50,IF( OR(I18="1 - 3",I18="2 - 4",I18="1 - 4"),25,0)))))+IF(K18=G18,+75,0)+IF(L18="oui",+50,0))+0 -> 0
A19: Equipe D | B19: Bosnie | D19: 46191 | E19: B vs D | F19: ... | K19: ... | M19: =IF(J19=F19,IF( OR(I19="3 - 1",I19="4 - 1",I19="4 - 2"),100,IF( OR(I19="2 - 1",I19="3 - 2",I19="4 - 3"),75,IF(I19="nul",60,IF( OR(I19="3 - 4",I19="2 - 3",I19="1 - 2"),50,IF( OR(I19="1 - 3",I19="2 - 4",I19="1 - 4"),25,0)))))+IF(K19=G19,+75,0)+IF(L19="oui",+50,0))+0 -> 0
D20: 46197 | E20: A vs B | F20: ... | K20: ... | M20: =IF(J20=F20,IF( OR(I20="3 - 1",I20="4 - 1",I20="4 - 2"),100,IF( OR(I20="2 - 1",I20="3 - 2",I20="4 - 3"),75,IF(I20="nul",60,IF( OR(I20="3 - 4",I20="2 - 3",I20="1 - 2"),50,IF( OR(I20="1 - 3",I20="2 - 4",I20="1 - 4"),25,0)))))+IF(K20=G20,+75,0)+IF(L20="oui",+50,0))+0 -> 0
D21: 46197 | E21: C vs D | F21: ... | K21: ... | M21: =IF(J21=F21,IF( OR(I21="3 - 1",I21="4 - 1",I21="4 - 2"),100,IF( OR(I21="2 - 1",I21="3 - 2",I21="4 - 3"),75,IF(I21="nul",60,IF( OR(I21="3 - 4",I21="2 - 3",I21="1 - 2"),50,IF( OR(I21="1 - 3",I21="2 - 4",I21="1 - 4"),25,0)))))+IF(K21=G21,+75,0)+IF(L21="oui",+50,0))+0 -> 0
A24: Poule C | D24: Dates | E24: Rencontres | F24: Mes prono | G24: Mes scores | H24: Mes Booster | I24: Côte du prono | J24: Vainqueurs | K24: Les résultats | L24: Booster validé | M24: Points gagnés
A25: Equipe A | B25: Bresil | D25: 46187 | E25: A vs B | F25: B | G25: 0 - 2 | K25: ... | M25: =IF(J25=F25,IF( OR(I25="3 - 1",I25="4 - 1",I25="4 - 2"),100,IF( OR(I25="2 - 1",I25="3 - 2",I25="4 - 3"),75,IF(I25="nul",60,IF( OR(I25="3 - 4",I25="2 - 3",I25="1 - 2"),50,IF( OR(I25="1 - 3",I25="2 - 4",I25="1 - 4"),25,0)))))+IF(K25=G25,+75,0)+IF(L25="oui",+50,0))+0 -> 0
A26: Equipe B | B26: Maroc | D26: 46187 | E26: C vs D | F26: N | G26: 0 - 0 | H26: B14 | K26: ... | M26: =IF(J26=F26,IF( OR(I26="3 - 1",I26="4 - 1",I26="4 - 2"),100,IF( OR(I26="2 - 1",I26="3 - 2",I26="4 - 3"),75,IF(I26="nul",60,IF( OR(I26="3 - 4",I26="2 - 3",I26="1 - 2"),50,IF( OR(I26="1 - 3",I26="2 - 4",I26="1 - 4"),25,0)))))+IF(K26=G26,+75,0)+IF(L26="oui",+50,0))+0 -> 0
A27: Equipe C | B27: Ecosse | D27: 46193 | E27: A vs D | F27: ... | K27: ... | M27: =IF(J27=F27,IF( OR(I27="3 - 1",I27="4 - 1",I27="4 - 2"),100,IF( OR(I27="2 - 1",I27="3 - 2",I27="4 - 3"),75,IF(I27="nul",60,IF( OR(I27="3 - 4",I27="2 - 3",I27="1 - 2"),50,IF( OR(I27="1 - 3",I27="2 - 4",I27="1 - 4"),25,0)))))+IF(K27=G27,+75,0)+IF(L27="oui",+50,0))+0 -> 0
A28: Equipe D | B28: Haïti | D28: 46193 | E28: B vs C | F28: ... | K28: ... | M28: =IF(J28=F28,IF( OR(I28="3 - 1",I28="4 - 1",I28="4 - 2"),100,IF( OR(I28="2 - 1",I28="3 - 2",I28="4 - 3"),75,IF(I28="nul",60,IF( OR(I28="3 - 4",I28="2 - 3",I28="1 - 2"),50,IF( OR(I28="1 - 3",I28="2 - 4",I28="1 - 4"),25,0)))))+IF(K28=G28,+75,0)+IF(L28="oui",+50,0))+0 -> 0
D29: 46198 | E29: A vs C | F29: ... | K29: ... | M29: =IF(J29=F29,IF( OR(I29="3 - 1",I29="4 - 1",I29="4 - 2"),100,IF( OR(I29="2 - 1",I29="3 - 2",I29="4 - 3"),75,IF(I29="nul",60,IF( OR(I29="3 - 4",I29="2 - 3",I29="1 - 2"),50,IF( OR(I29="1 - 3",I29="2 - 4",I29="1 - 4"),25,0)))))+IF(K29=G29,+75,0)+IF(L29="oui",+50,0))+0 -> 0
D30: 46198 | E30: B vs D | F30: ... | K30: ... | M30: =IF(J30=F30,IF( OR(I30="3 - 1",I30="4 - 1",I30="4 - 2"),100,IF( OR(I30="2 - 1",I30="3 - 2",I30="4 - 3"),75,IF(I30="nul",60,IF( OR(I30="3 - 4",I30="2 - 3",I30="1 - 2"),50,IF( OR(I30="1 - 3",I30="2 - 4",I30="1 - 4"),25,0)))))+IF(K30=G30,+75,0)+IF(L30="oui",+50,0))+0 -> 0
A33: Poule D | D33: Dates | E33: Rencontres | F33: Mes prono | G33: Mes scores | H33: Mes Booster | I33: Côte du prono | J33: Vainqueurs | K33: Les résultats | L33: Booster validé | M33: Points gagnés
A34: Equipe A | B34: Etat Unis | D34: 46186 | E34: A vs C | F34: A | G34: 1 - 0 | I34: 1 - 4 | J34: A | K34: 4 - 1 | M34: =IF(J34=F34,IF( OR(I34="3 - 1",I34="4 - 1",I34="4 - 2"),100,IF( OR(I34="2 - 1",I34="3 - 2",I34="4 - 3"),75,IF(I34="nul",60,IF( OR(I34="3 - 4",I34="2 - 3",I34="1 - 2"),50,IF( OR(I34="1 - 3",I34="2 - 4",I34="1 - 4"),25,0)))))+IF(K34=G34,+75,0)+IF(L34="oui",+50,0))+0 -> 25
A35: Equipe B | B35: Australie | D35: 46187 | E35: B vs D | F35: B | G35: 2 - 1 | K35: ... | M35: =IF(J35=F35,IF( OR(I35="3 - 1",I35="4 - 1",I35="4 - 2"),100,IF( OR(I35="2 - 1",I35="3 - 2",I35="4 - 3"),75,IF(I35="nul",60,IF( OR(I35="3 - 4",I35="2 - 3",I35="1 - 2"),50,IF( OR(I35="1 - 3",I35="2 - 4",I35="1 - 4"),25,0)))))+IF(K35=G35,+75,0)+IF(L35="oui",+50,0))+0 -> 0
A36: Equipe C | B36: Paraguay | D36: 46192 | E36: A vs B | F36: ... | K36: ... | M36: =IF(J36=F36,IF( OR(I36="3 - 1",I36="4 - 1",I36="4 - 2"),100,IF( OR(I36="2 - 1",I36="3 - 2",I36="4 - 3"),75,IF(I36="nul",60,IF( OR(I36="3 - 4",I36="2 - 3",I36="1 - 2"),50,IF( OR(I36="1 - 3",I36="2 - 4",I36="1 - 4"),25,0)))))+IF(K36=G36,+75,0)+IF(L36="oui",+50,0))+0 -> 0
A37: Equipe D | B37: Turquie | D37: 46193 | E37: C vs D | F37: ... | K37: ... | M37: =IF(J37=F37,IF( OR(I37="3 - 1",I37="4 - 1",I37="4 - 2"),100,IF( OR(I37="2 - 1",I37="3 - 2",I37="4 - 3"),75,IF(I37="nul",60,IF( OR(I37="3 - 4",I37="2 - 3",I37="1 - 2"),50,IF( OR(I37="1 - 3",I37="2 - 4",I37="1 - 4"),25,0)))))+IF(K37=G37,+75,0)+IF(L37="oui",+50,0))+0 -> 0
D38: 46199 | E38: A vs D | F38: ... | K38: ... | M38: =IF(J38=F38,IF( OR(I38="3 - 1",I38="4 - 1",I38="4 - 2"),100,IF( OR(I38="2 - 1",I38="3 - 2",I38="4 - 3"),75,IF(I38="nul",60,IF( OR(I38="3 - 4",I38="2 - 3",I38="1 - 2"),50,IF( OR(I38="1 - 3",I38="2 - 4",I38="1 - 4"),25,0)))))+IF(K38=G38,+75,0)+IF(L38="oui",+50,0))+0 -> 0
D39: 46199 | E39: B vs C | F39: ... | K39: ... | M39: =IF(J39=F39,IF( OR(I39="3 - 1",I39="4 - 1",I39="4 - 2"),100,IF( OR(I39="2 - 1",I39="3 - 2",I39="4 - 3"),75,IF(I39="nul",60,IF( OR(I39="3 - 4",I39="2 - 3",I39="1 - 2"),50,IF( OR(I39="1 - 3",I39="2 - 4",I39="1 - 4"),25,0)))))+IF(K39=G39,+75,0)+IF(L39="oui",+50,0))+0 -> 0
A42: Poule E | D42: Dates | E42: Rencontres | F42: Mes prono | G42: Mes scores | H42: Mes Booster | I42: Côte du prono | J42: Vainqueurs | K42: Les résultats | L42: Booster validé | M42: Points gagnés
A43: Equipe A | B43: Allemagne | D43: 46187 | E43: A vs D | F43: A | G43: 2 - 0 | K43: ... | M43: =IF(J43=F43,IF( OR(I43="3 - 1",I43="4 - 1",I43="4 - 2"),100,IF( OR(I43="2 - 1",I43="3 - 2",I43="4 - 3"),75,IF(I43="nul",60,IF( OR(I43="3 - 4",I43="2 - 3",I43="1 - 2"),50,IF( OR(I43="1 - 3",I43="2 - 4",I43="1 - 4"),25,0)))))+IF(K43=G43,+75,0)+IF(L43="oui",+50,0))+0 -> 0
A44: Equipe B | B44: Equateur | D44: 46188 | E44: B vs C | F44: B | G44: 2 - 1 | K44: ... | M44: =IF(J44=F44,IF( OR(I44="3 - 1",I44="4 - 1",I44="4 - 2"),100,IF( OR(I44="2 - 1",I44="3 - 2",I44="4 - 3"),75,IF(I44="nul",60,IF( OR(I44="3 - 4",I44="2 - 3",I44="1 - 2"),50,IF( OR(I44="1 - 3",I44="2 - 4",I44="1 - 4"),25,0)))))+IF(K44=G44,+75,0)+IF(L44="oui",+50,0))+0 -> 0
A45: Equipe C | B45: Cote d'Ivoire | D45: 46193 | E45: A vs C | F45: ... | K45: ... | M45: =IF(J45=F45,IF( OR(I45="3 - 1",I45="4 - 1",I45="4 - 2"),100,IF( OR(I45="2 - 1",I45="3 - 2",I45="4 - 3"),75,IF(I45="nul",60,IF( OR(I45="3 - 4",I45="2 - 3",I45="1 - 2"),50,IF( OR(I45="1 - 3",I45="2 - 4",I45="1 - 4"),25,0)))))+IF(K45=G45,+75,0)+IF(L45="oui",+50,0))+0 -> 0
A46: Equipe D | B46: Curaçao | D46: 46194 | E46: B vs D | F46: ... | K46: ... | M46: =IF(J46=F46,IF( OR(I46="3 - 1",I46="4 - 1",I46="4 - 2"),100,IF( OR(I46="2 - 1",I46="3 - 2",I46="4 - 3"),75,IF(I46="nul",60,IF( OR(I46="3 - 4",I46="2 - 3",I46="1 - 2"),50,IF( OR(I46="1 - 3",I46="2 - 4",I46="1 - 4"),25,0)))))+IF(K46=G46,+75,0)+IF(L46="oui",+50,0))+0 -> 0
D47: 46198 | E47: A vs B | F47: ... | K47: ... | M47: =IF(J47=F47,IF( OR(I47="3 - 1",I47="4 - 1",I47="4 - 2"),100,IF( OR(I47="2 - 1",I47="3 - 2",I47="4 - 3"),75,IF(I47="nul",60,IF( OR(I47="3 - 4",I47="2 - 3",I47="1 - 2"),50,IF( OR(I47="1 - 3",I47="2 - 4",I47="1 - 4"),25,0)))))+IF(K47=G47,+75,0)+IF(L47="oui",+50,0))+0 -> 0
D48: 46198 | E48: C vs D | F48: ... | K48: ... | M48: =IF(J48=F48,IF( OR(I48="3 - 1",I48="4 - 1",I48="4 - 2"),100,IF( OR(I48="2 - 1",I48="3 - 2",I48="4 - 3"),75,IF(I48="nul",60,IF( OR(I48="3 - 4",I48="2 - 3",I48="1 - 2"),50,IF( OR(I48="1 - 3",I48="2 - 4",I48="1 - 4"),25,0)))))+IF(K48=G48,+75,0)+IF(L48="oui",+50,0))+0 -> 0
A51: Poule F | D51: Dates | E51: Rencontres | F51: Mes prono | G51: Mes scores | H51: Mes Booster | I51: Côte du prono | J51: Vainqueurs | K51: Les résultats | L51: Booster validé | M51: Points gagnés
A52: Equipe A | B52: Pays Bas | D52: 46187 | E52: A vs B | F52: A | G52: 2 - 1 | K52: ... | M52: =IF(J52=F52,IF( OR(I52="3 - 1",I52="4 - 1",I52="4 - 2"),100,IF( OR(I52="2 - 1",I52="3 - 2",I52="4 - 3"),75,IF(I52="nul",60,IF( OR(I52="3 - 4",I52="2 - 3",I52="1 - 2"),50,IF( OR(I52="1 - 3",I52="2 - 4",I52="1 - 4"),25,0)))))+IF(K52=G52,+75,0)+IF(L52="oui",+50,0))+0 -> 0
A53: Equipe B | B53: Japon | D53: 46188 | E53: C vs D | F53: N | G53: 0 - 0 | H53: B24 | K53: ... | M53: =IF(J53=F53,IF( OR(I53="3 - 1",I53="4 - 1",I53="4 - 2"),100,IF( OR(I53="2 - 1",I53="3 - 2",I53="4 - 3"),75,IF(I53="nul",60,IF( OR(I53="3 - 4",I53="2 - 3",I53="1 - 2"),50,IF( OR(I53="1 - 3",I53="2 - 4",I53="1 - 4"),25,0)))))+IF(K53=G53,+75,0)+IF(L53="oui",+50,0))+0 -> 0
A54: Equipe C | B54: Tunisie | D54: 46193 | E54: A vs D | F54: ... | K54: ... | M54: =IF(J54=F54,IF( OR(I54="3 - 1",I54="4 - 1",I54="4 - 2"),100,IF( OR(I54="2 - 1",I54="3 - 2",I54="4 - 3"),75,IF(I54="nul",60,IF( OR(I54="3 - 4",I54="2 - 3",I54="1 - 2"),50,IF( OR(I54="1 - 3",I54="2 - 4",I54="1 - 4"),25,0)))))+IF(K54=G54,+75,0)+IF(L54="oui",+50,0))+0 -> 0
A55: Equipe D | B55: Suede | D55: 46194 | E55: B vs C | F55: ... | K55: ... | M55: =IF(J55=F55,IF( OR(I55="3 - 1",I55="4 - 1",I55="4 - 2"),100,IF( OR(I55="2 - 1",I55="3 - 2",I55="4 - 3"),75,IF(I55="nul",60,IF( OR(I55="3 - 4",I55="2 - 3",I55="1 - 2"),50,IF( OR(I55="1 - 3",I55="2 - 4",I55="1 - 4"),25,0)))))+IF(K55=G55,+75,0)+IF(L55="oui",+50,0))+0 -> 0
D56: 46199 | E56: A vs C | F56: ... | K56: ... | M56: =IF(J56=F56,IF( OR(I56="3 - 1",I56="4 - 1",I56="4 - 2"),100,IF( OR(I56="2 - 1",I56="3 - 2",I56="4 - 3"),75,IF(I56="nul",60,IF( OR(I56="3 - 4",I56="2 - 3",I56="1 - 2"),50,IF( OR(I56="1 - 3",I56="2 - 4",I56="1 - 4"),25,0)))))+IF(K56=G56,+75,0)+IF(L56="oui",+50,0))+0 -> 0
D57: 46199 | E57: B vs D | F57: ... | K57: ... | M57: =IF(J57=F57,IF( OR(I57="3 - 1",I57="4 - 1",I57="4 - 2"),100,IF( OR(I57="2 - 1",I57="3 - 2",I57="4 - 3"),75,IF(I57="nul",60,IF( OR(I57="3 - 4",I57="2 - 3",I57="1 - 2"),50,IF( OR(I57="1 - 3",I57="2 - 4",I57="1 - 4"),25,0)))))+IF(K57=G57,+75,0)+IF(L57="oui",+50,0))+0 -> 0
A60: Poule G | D60: Dates | E60: Rencontres | F60: Mes prono | G60: Mes scores | H60: Mes Booster | I60: Côte du prono | J60: Vainqueurs | K60: Les résultats | L60: Booster validé | M60: Points gagnés
A61: Equipe A | B61: Belgique | D61: 46188 | E61: A vs C | F61: A | G61: 2 - 0 | K61: ... | M61: =IF(J61=F61,IF( OR(I61="3 - 1",I61="4 - 1",I61="4 - 2"),100,IF( OR(I61="2 - 1",I61="3 - 2",I61="4 - 3"),75,IF(I61="nul",60,IF( OR(I61="3 - 4",I61="2 - 3",I61="1 - 2"),50,IF( OR(I61="1 - 3",I61="2 - 4",I61="1 - 4"),25,0)))))+IF(K61=G61,+75,0)+IF(L61="oui",+50,0))+0 -> 0
A62: Equipe B | B62: Iran | D62: 46189 | E62: B vs D | F62: N | G62: 1 - 1 | K62: ... | M62: =IF(J62=F62,IF( OR(I62="3 - 1",I62="4 - 1",I62="4 - 2"),100,IF( OR(I62="2 - 1",I62="3 - 2",I62="4 - 3"),75,IF(I62="nul",60,IF( OR(I62="3 - 4",I62="2 - 3",I62="1 - 2"),50,IF( OR(I62="1 - 3",I62="2 - 4",I62="1 - 4"),25,0)))))+IF(K62=G62,+75,0)+IF(L62="oui",+50,0))+0 -> 0
A63: Equipe C | B63: Egypte | D63: 46194 | E63: A vs B | F63: ... | K63: ... | M63: =IF(J63=F63,IF( OR(I63="3 - 1",I63="4 - 1",I63="4 - 2"),100,IF( OR(I63="2 - 1",I63="3 - 2",I63="4 - 3"),75,IF(I63="nul",60,IF( OR(I63="3 - 4",I63="2 - 3",I63="1 - 2"),50,IF( OR(I63="1 - 3",I63="2 - 4",I63="1 - 4"),25,0)))))+IF(K63=G63,+75,0)+IF(L63="oui",+50,0))+0 -> 0
A64: Equipe D | B64: Nouvelle Zelande | D64: 46195 | E64: C vs D | F64: ... | K64: ... | M64: =IF(J64=F64,IF( OR(I64="3 - 1",I64="4 - 1",I64="4 - 2"),100,IF( OR(I64="2 - 1",I64="3 - 2",I64="4 - 3"),75,IF(I64="nul",60,IF( OR(I64="3 - 4",I64="2 - 3",I64="1 - 2"),50,IF( OR(I64="1 - 3",I64="2 - 4",I64="1 - 4"),25,0)))))+IF(K64=G64,+75,0)+IF(L64="oui",+50,0))+0 -> 0
D65: 46200 | E65: A vs D | F65: ... | K65: ... | M65: =IF(J65=F65,IF( OR(I65="3 - 1",I65="4 - 1",I65="4 - 2"),100,IF( OR(I65="2 - 1",I65="3 - 2",I65="4 - 3"),75,IF(I65="nul",60,IF( OR(I65="3 - 4",I65="2 - 3",I65="1 - 2"),50,IF( OR(I65="1 - 3",I65="2 - 4",I65="1 - 4"),25,0)))))+IF(K65=G65,+75,0)+IF(L65="oui",+50,0))+0 -> 0
D66: 46200 | E66: B vs C | F66: ... | K66: ... | M66: =IF(J66=F66,IF( OR(I66="3 - 1",I66="4 - 1",I66="4 - 2"),100,IF( OR(I66="2 - 1",I66="3 - 2",I66="4 - 3"),75,IF(I66="nul",60,IF( OR(I66="3 - 4",I66="2 - 3",I66="1 - 2"),50,IF( OR(I66="1 - 3",I66="2 - 4",I66="1 - 4"),25,0)))))+IF(K66=G66,+75,0)+IF(L66="oui",+50,0))+0 -> 0
A69: Poule H | D69: Dates | E69: Rencontres | F69: Mes prono | G69: Mes scores | H69: Mes Booster | I69: Côte du prono | J69: Vainqueurs | K69: Les résultats | L69: Booster validé | M69: Points gagnés
A70: Equipe A | B70: Espagne | D70: 46188 | E70: A vs D | F70: A | G70: 3 - 1 | K70: ... | M70: =IF(J70=F70,IF( OR(I70="3 - 1",I70="4 - 1",I70="4 - 2"),100,IF( OR(I70="2 - 1",I70="3 - 2",I70="4 - 3"),75,IF(I70="nul",60,IF( OR(I70="3 - 4",I70="2 - 3",I70="1 - 2"),50,IF( OR(I70="1 - 3",I70="2 - 4",I70="1 - 4"),25,0)))))+IF(K70=G70,+75,0)+IF(L70="oui",+50,0))+0 -> 0
A71: Equipe B | B71: Uruguay | D71: 46189 | E71: B vs C | F71: N | G71: 1 - 1 | K71: ... | M71: =IF(J71=F71,IF( OR(I71="3 - 1",I71="4 - 1",I71="4 - 2"),100,IF( OR(I71="2 - 1",I71="3 - 2",I71="4 - 3"),75,IF(I71="nul",60,IF( OR(I71="3 - 4",I71="2 - 3",I71="1 - 2"),50,IF( OR(I71="1 - 3",I71="2 - 4",I71="1 - 4"),25,0)))))+IF(K71=G71,+75,0)+IF(L71="oui",+50,0))+0 -> 0
A72: Equipe C | B72: Arabie Saoudite | D72: 46194 | E72: A vs C | F72: ... | K72: ... | M72: =IF(J72=F72,IF( OR(I72="3 - 1",I72="4 - 1",I72="4 - 2"),100,IF( OR(I72="2 - 1",I72="3 - 2",I72="4 - 3"),75,IF(I72="nul",60,IF( OR(I72="3 - 4",I72="2 - 3",I72="1 - 2"),50,IF( OR(I72="1 - 3",I72="2 - 4",I72="1 - 4"),25,0)))))+IF(K72=G72,+75,0)+IF(L72="oui",+50,0))+0 -> 0
A73: Equipe D | B73: Cap Vert | D73: 46195 | E73: B vs D | F73: ... | K73: ... | M73: =IF(J73=F73,IF( OR(I73="3 - 1",I73="4 - 1",I73="4 - 2"),100,IF( OR(I73="2 - 1",I73="3 - 2",I73="4 - 3"),75,IF(I73="nul",60,IF( OR(I73="3 - 4",I73="2 - 3",I73="1 - 2"),50,IF( OR(I73="1 - 3",I73="2 - 4",I73="1 - 4"),25,0)))))+IF(K73=G73,+75,0)+IF(L73="oui",+50,0))+0 -> 0
D74: 46200 | E74: A vs B | F74: ... | K74: ... | M74: =IF(J74=F74,IF( OR(I74="3 - 1",I74="4 - 1",I74="4 - 2"),100,IF( OR(I74="2 - 1",I74="3 - 2",I74="4 - 3"),75,IF(I74="nul",60,IF( OR(I74="3 - 4",I74="2 - 3",I74="1 - 2"),50,IF( OR(I74="1 - 3",I74="2 - 4",I74="1 - 4"),25,0)))))+IF(K74=G74,+75,0)+IF(L74="oui",+50,0))+0 -> 0
D75: 46200 | E75: C vs D | F75: ... | K75: ... | M75: =IF(J75=F75,IF( OR(I75="3 - 1",I75="4 - 1",I75="4 - 2"),100,IF( OR(I75="2 - 1",I75="3 - 2",I75="4 - 3"),75,IF(I75="nul",60,IF( OR(I75="3 - 4",I75="2 - 3",I75="1 - 2"),50,IF( OR(I75="1 - 3",I75="2 - 4",I75="1 - 4"),25,0)))))+IF(K75=G75,+75,0)+IF(L75="oui",+50,0))+0 -> 0
A78: Poule I | D78: Dates | E78: Rencontres | F78: Mes prono | G78: Mes scores | H78: Mes Booster | I78: Côte du prono | J78: Vainqueurs | K78: Les résultats | L78: Booster validé | M78: Points gagnés
A79: Equipe A | B79: France | D79: 46189 | E79: A vs B | F79: A | G79: 3 - 1 | H79: B34 | K79: ... | M79: =IF(J79=F79,IF( OR(I79="3 - 1",I79="4 - 1",I79="4 - 2"),100,IF( OR(I79="2 - 1",I79="3 - 2",I79="4 - 3"),75,IF(I79="nul",60,IF( OR(I79="3 - 4",I79="2 - 3",I79="1 - 2"),50,IF( OR(I79="1 - 3",I79="2 - 4",I79="1 - 4"),25,0)))))+IF(K79=G79,+75,0)+IF(L79="oui",+50,0))+0 -> 0
A80: Equipe B | B80: Senegal | D80: 46190 | E80: C vs D | F80: C | G80: 2 - 0 | K80: ... | M80: =IF(J80=F80,IF( OR(I80="3 - 1",I80="4 - 1",I80="4 - 2"),100,IF( OR(I80="2 - 1",I80="3 - 2",I80="4 - 3"),75,IF(I80="nul",60,IF( OR(I80="3 - 4",I80="2 - 3",I80="1 - 2"),50,IF( OR(I80="1 - 3",I80="2 - 4",I80="1 - 4"),25,0)))))+IF(K80=G80,+75,0)+IF(L80="oui",+50,0))+0 -> 0
A81: Equipe C | B81: Norvege | D81: 46195 | E81: A vs D | F81: ... | K81: ... | M81: =IF(J81=F81,IF( OR(I81="3 - 1",I81="4 - 1",I81="4 - 2"),100,IF( OR(I81="2 - 1",I81="3 - 2",I81="4 - 3"),75,IF(I81="nul",60,IF( OR(I81="3 - 4",I81="2 - 3",I81="1 - 2"),50,IF( OR(I81="1 - 3",I81="2 - 4",I81="1 - 4"),25,0)))))+IF(K81=G81,+75,0)+IF(L81="oui",+50,0))+0 -> 0
A82: Equipe D | B82: Irak | D82: 46196 | E82: B vs C | F82: ... | K82: ... | M82: =IF(J82=F82,IF( OR(I82="3 - 1",I82="4 - 1",I82="4 - 2"),100,IF( OR(I82="2 - 1",I82="3 - 2",I82="4 - 3"),75,IF(I82="nul",60,IF( OR(I82="3 - 4",I82="2 - 3",I82="1 - 2"),50,IF( OR(I82="1 - 3",I82="2 - 4",I82="1 - 4"),25,0)))))+IF(K82=G82,+75,0)+IF(L82="oui",+50,0))+0 -> 0
D83: 46199 | E83: A vs C | F83: ... | K83: ... | M83: =IF(J83=F83,IF( OR(I83="3 - 1",I83="4 - 1",I83="4 - 2"),100,IF( OR(I83="2 - 1",I83="3 - 2",I83="4 - 3"),75,IF(I83="nul",60,IF( OR(I83="3 - 4",I83="2 - 3",I83="1 - 2"),50,IF( OR(I83="1 - 3",I83="2 - 4",I83="1 - 4"),25,0)))))+IF(K83=G83,+75,0)+IF(L83="oui",+50,0))+0 -> 0
D84: 46199 | E84: B vs D | F84: ... | K84: ... | M84: =IF(J84=F84,IF( OR(I84="3 - 1",I84="4 - 1",I84="4 - 2"),100,IF( OR(I84="2 - 1",I84="3 - 2",I84="4 - 3"),75,IF(I84="nul",60,IF( OR(I84="3 - 4",I84="2 - 3",I84="1 - 2"),50,IF( OR(I84="1 - 3",I84="2 - 4",I84="1 - 4"),25,0)))))+IF(K84=G84,+75,0)+IF(L84="oui",+50,0))+0 -> 0
A87: Poule J | D87: Dates | E87: Rencontres | F87: Mes prono | G87: Mes scores | H87: Mes Booster | I87: Côte du prono | J87: Vainqueurs | K87: Les résultats | L87: Booster validé | M87: Points gagnés
A88: Equipe A | B88: Argentine | D88: 46190 | E88: A vs C | F88: A | G88: 3 - 1 | K88: ... | M88: =IF(J88=F88,IF( OR(I88="3 - 1",I88="4 - 1",I88="4 - 2"),100,IF( OR(I88="2 - 1",I88="3 - 2",I88="4 - 3"),75,IF(I88="nul",60,IF( OR(I88="3 - 4",I88="2 - 3",I88="1 - 2"),50,IF( OR(I88="1 - 3",I88="2 - 4",I88="1 - 4"),25,0)))))+IF(K88=G88,+75,0)+IF(L88="oui",+50,0))+0 -> 0
A89: Equipe B | B89: Autriche | D89: 46190 | E89: B vs D | F89: N | G89: 0 - 0 | H89: B40 | K89: ... | M89: =IF(J89=F89,IF( OR(I89="3 - 1",I89="4 - 1",I89="4 - 2"),100,IF( OR(I89="2 - 1",I89="3 - 2",I89="4 - 3"),75,IF(I89="nul",60,IF( OR(I89="3 - 4",I89="2 - 3",I89="1 - 2"),50,IF( OR(I89="1 - 3",I89="2 - 4",I89="1 - 4"),25,0)))))+IF(K89=G89,+75,0)+IF(L89="oui",+50,0))+0 -> 0
A90: Equipe C | B90: Algerie | D90: 46195 | E90: A vs B | F90: ... | K90: ... | M90: =IF(J90=F90,IF( OR(I90="3 - 1",I90="4 - 1",I90="4 - 2"),100,IF( OR(I90="2 - 1",I90="3 - 2",I90="4 - 3"),75,IF(I90="nul",60,IF( OR(I90="3 - 4",I90="2 - 3",I90="1 - 2"),50,IF( OR(I90="1 - 3",I90="2 - 4",I90="1 - 4"),25,0)))))+IF(K90=G90,+75,0)+IF(L90="oui",+50,0))+0 -> 0
A91: Equipe D | B91: Jordanie | D91: 46196 | E91: C vs D | F91: ... | K91: ... | M91: =IF(J91=F91,IF( OR(I91="3 - 1",I91="4 - 1",I91="4 - 2"),100,IF( OR(I91="2 - 1",I91="3 - 2",I91="4 - 3"),75,IF(I91="nul",60,IF( OR(I91="3 - 4",I91="2 - 3",I91="1 - 2"),50,IF( OR(I91="1 - 3",I91="2 - 4",I91="1 - 4"),25,0)))))+IF(K91=G91,+75,0)+IF(L91="oui",+50,0))+0 -> 0
D92: 46201 | E92: A vs D | F92: ... | K92: ... | M92: =IF(J92=F92,IF( OR(I92="3 - 1",I92="4 - 1",I92="4 - 2"),100,IF( OR(I92="2 - 1",I92="3 - 2",I92="4 - 3"),75,IF(I92="nul",60,IF( OR(I92="3 - 4",I92="2 - 3",I92="1 - 2"),50,IF( OR(I92="1 - 3",I92="2 - 4",I92="1 - 4"),25,0)))))+IF(K92=G92,+75,0)+IF(L92="oui",+50,0))+0 -> 0
D93: 46201 | E93: B vs C | F93: ... | K93: ... | M93: =IF(J93=F93,IF( OR(I93="3 - 1",I93="4 - 1",I93="4 - 2"),100,IF( OR(I93="2 - 1",I93="3 - 2",I93="4 - 3"),75,IF(I93="nul",60,IF( OR(I93="3 - 4",I93="2 - 3",I93="1 - 2"),50,IF( OR(I93="1 - 3",I93="2 - 4",I93="1 - 4"),25,0)))))+IF(K93=G93,+75,0)+IF(L93="oui",+50,0))+0 -> 0
A96: Poule K | D96: Dates | E96: Rencontres | F96: Mes prono | G96: Mes scores | H96: Mes Booster | I96: Côte du prono | J96: Vainqueurs | K96: Les résultats | L96: Booster validé | M96: Points gagnés
A97: Equipe A | B97: Portugal | D97: 46190 | E97: A vs D | F97: A | G97: 2 - 0 | K97: - | M97: =IF(J97=F97,IF( OR(I97="3 - 1",I97="4 - 1",I97="4 - 2"),100,IF( OR(I97="2 - 1",I97="3 - 2",I97="4 - 3"),75,IF(I97="nul",60,IF( OR(I97="3 - 4",I97="2 - 3",I97="1 - 2"),50,IF( OR(I97="1 - 3",I97="2 - 4",I97="1 - 4"),25,0)))))+IF(K97=G97,+75,0)+IF(L97="oui",+50,0))+0 -> 0
A98: Equipe B | B98: Colombie | D98: 46191 | E98: B vs C | F98: B | G98: 1 - 0 | K98: - | M98: =IF(J98=F98,IF( OR(I98="3 - 1",I98="4 - 1",I98="4 - 2"),100,IF( OR(I98="2 - 1",I98="3 - 2",I98="4 - 3"),75,IF(I98="nul",60,IF( OR(I98="3 - 4",I98="2 - 3",I98="1 - 2"),50,IF( OR(I98="1 - 3",I98="2 - 4",I98="1 - 4"),25,0)))))+IF(K98=G98,+75,0)+IF(L98="oui",+50,0))+0 -> 0
A99: Equipe C | B99: Ouzbekistan | D99: 46196 | E99: A vs C | F99: ... | K99: - | M99: =IF(J99=F99,IF( OR(I99="3 - 1",I99="4 - 1",I99="4 - 2"),100,IF( OR(I99="2 - 1",I99="3 - 2",I99="4 - 3"),75,IF(I99="nul",60,IF( OR(I99="3 - 4",I99="2 - 3",I99="1 - 2"),50,IF( OR(I99="1 - 3",I99="2 - 4",I99="1 - 4"),25,0)))))+IF(K99=G99,+75,0)+IF(L99="oui",+50,0))+0 -> 0
A100: Equipe D | B100: RD Congo | D100: 46197 | E100: B vs D | F100: ... | K100: - | M100: =IF(J100=F100,IF( OR(I100="3 - 1",I100="4 - 1",I100="4 - 2"),100,IF( OR(I100="2 - 1",I100="3 - 2",I100="4 - 3"),75,IF(I100="nul",60,IF( OR(I100="3 - 4",I100="2 - 3",I100="1 - 2"),50,IF( OR(I100="1 - 3",I100="2 - 4",I100="1 - 4"),25,0)))))+IF(K100=G100,+75,0)+IF(L100="oui",+50,0))+0 -> 0
D101: 46201 | E101: A vs B | F101: ... | K101: - | M101: =IF(J101=F101,IF( OR(I101="3 - 1",I101="4 - 1",I101="4 - 2"),100,IF( OR(I101="2 - 1",I101="3 - 2",I101="4 - 3"),75,IF(I101="nul",60,IF( OR(I101="3 - 4",I101="2 - 3",I101="1 - 2"),50,IF( OR(I101="1 - 3",I101="2 - 4",I101="1 - 4"),25,0)))))+IF(K101=G101,+75,0)+IF(L101="oui",+50,0))+0 -> 0
D102: 46201 | E102: C vs D | F102: ... | K102: - | M102: =IF(J102=F102,IF( OR(I102="3 - 1",I102="4 - 1",I102="4 - 2"),100,IF( OR(I102="2 - 1",I102="3 - 2",I102="4 - 3"),75,IF(I102="nul",60,IF( OR(I102="3 - 4",I102="2 - 3",I102="1 - 2"),50,IF( OR(I102="1 - 3",I102="2 - 4",I102="1 - 4"),25,0)))))+IF(K102=G102,+75,0)+IF(L102="oui",+50,0))+0 -> 0
A105: Poule L | D105: Dates | E105: Rencontres | F105: Mes prono | G105: Mes scores | H105: Mes Booster | I105: Côte du prono | J105: Vainqueurs | K105: Les résultats | L105: Booster validé | M105: Points gagnés
A106: Equipe A | B106: Angleterre | D106: 46190 | E106: A vs B | F106: N | G106: 2 - 2 | K106: - | M106: =IF(J106=F106,IF( OR(I106="3 - 1",I106="4 - 1",I106="4 - 2"),100,IF( OR(I106="2 - 1",I106="3 - 2",I106="4 - 3"),75,IF(I106="nul",60,IF( OR(I106="3 - 4",I106="2 - 3",I106="1 - 2"),50,IF( OR(I106="1 - 3",I106="2 - 4",I106="1 - 4"),25,0)))))+IF(K106=G106,+75,0)+IF(L106="oui",+50,0))+0 -> 0
A107: Equipe B | B107: Croacie | D107: 46191 | E107: C vs D | F107: ... | K107: - | M107: =IF(J107=F107,IF( OR(I107="3 - 1",I107="4 - 1",I107="4 - 2"),100,IF( OR(I107="2 - 1",I107="3 - 2",I107="4 - 3"),75,IF(I107="nul",60,IF( OR(I107="3 - 4",I107="2 - 3",I107="1 - 2"),50,IF( OR(I107="1 - 3",I107="2 - 4",I107="1 - 4"),25,0)))))+IF(K107=G107,+75,0)+IF(L107="oui",+50,0))+0 -> 0
A108: Equipe C | B108: Panama | D108: 46196 | E108: A vs D | F108: ... | K108: - | M108: =IF(J108=F108,IF( OR(I108="3 - 1",I108="4 - 1",I108="4 - 2"),100,IF( OR(I108="2 - 1",I108="3 - 2",I108="4 - 3"),75,IF(I108="nul",60,IF( OR(I108="3 - 4",I108="2 - 3",I108="1 - 2"),50,IF( OR(I108="1 - 3",I108="2 - 4",I108="1 - 4"),25,0)))))+IF(K108=G108,+75,0)+IF(L108="oui",+50,0))+0 -> 0
A109: Equipe D | B109: Ghana | D109: 46197 | E109: B vs C | F109: ... | K109: - | M109: =IF(J109=F109,IF( OR(I109="3 - 1",I109="4 - 1",I109="4 - 2"),100,IF( OR(I109="2 - 1",I109="3 - 2",I109="4 - 3"),75,IF(I109="nul",60,IF( OR(I109="3 - 4",I109="2 - 3",I109="1 - 2"),50,IF( OR(I109="1 - 3",I109="2 - 4",I109="1 - 4"),25,0)))))+IF(K109=G109,+75,0)+IF(L109="oui",+50,0))+0 -> 0
D110: 46200 | E110: A vs C | F110: ... | K110: - | M110: =IF(J110=F110,IF( OR(I110="3 - 1",I110="4 - 1",I110="4 - 2"),100,IF( OR(I110="2 - 1",I110="3 - 2",I110="4 - 3"),75,IF(I110="nul",60,IF( OR(I110="3 - 4",I110="2 - 3",I110="1 - 2"),50,IF( OR(I110="1 - 3",I110="2 - 4",I110="1 - 4"),25,0)))))+IF(K110=G110,+75,0)+IF(L110="oui",+50,0))+0 -> 0
D111: 46200 | E111: B vs D | F111: ... | K111: - | M111: =IF(J111=F111,IF( OR(I111="3 - 1",I111="4 - 1",I111="4 - 2"),100,IF( OR(I111="2 - 1",I111="3 - 2",I111="4 - 3"),75,IF(I111="nul",60,IF( OR(I111="3 - 4",I111="2 - 3",I111="1 - 2"),50,IF( OR(I111="1 - 3",I111="2 - 4",I111="1 - 4"),25,0)))))+IF(K111=G111,+75,0)+IF(L111="oui",+50,0))+0 -> 0

Sheet Jeje 1
B1: Joueur : Jeje | C1: Meilleur buteur de la CDM : | F1: Olise
C2: Meilleur passeur de la CDM : | F2: Fabian
C3: Meilleur joueur de la CDM : | F3: Olise
C4: Gagnant de la CDM : | F4: France
A6: Poule A | D6: Dates | E6: Rencontres | F6: Mes prono | G6: Mes scores | H6: Mes Booster | I6: Côte du prono | J6: Vainqueurs | K6: Les résultats | L6: Booster validé | M6: Points gagnés
A7: Equipe A | B7: Mexique | D7: 46184 | E7: A vs C | F7: A | G7: 2 - 1 | H7: B1 | I7: 1 - 3 | J7: A | K7: 2 - 0 | L7: oui | M7: =IF(J7=F7,IF( OR(I7="3 - 1",I7="4 - 1",I7="4 - 2"),100,IF( OR(I7="2 - 1",I7="3 - 2",I7="4 - 3"),75,IF(I7="nul",60,IF( OR(I7="3 - 4",I7="2 - 3",I7="1 - 2"),50,IF( OR(I7="1 - 3",I7="2 - 4",I7="1 - 4"),25,0)))))+IF(K7=G7,+75,0)+IF(L7="oui",+50,0))+0 -> 75
A8: Equipe B | B8: Coree du sud | D8: 46185 | E8: B vs D | F8: N | G8: 0 - 0 | H8: B3 | I8: nul | J8: B | K8: 2 - 1 | L8: oui | M8: =IF(J8=F8,IF( OR(I8="3 - 1",I8="4 - 1",I8="4 - 2"),100,IF( OR(I8="2 - 1",I8="3 - 2",I8="4 - 3"),75,IF(I8="nul",60,IF( OR(I8="3 - 4",I8="2 - 3",I8="1 - 2"),50,IF( OR(I8="1 - 3",I8="2 - 4",I8="1 - 4"),25,0)))))+IF(K8=G8,+75,0)+IF(L8="oui",+50,0))+0 -> 0
A9: Equipe C | B9: Afrique du sud | D9: 46191 | E9: C vs D | F9: ... | K9: ... | M9: =IF(J9=F9,IF( OR(I9="3 - 1",I9="4 - 1",I9="4 - 2"),100,IF( OR(I9="2 - 1",I9="3 - 2",I9="4 - 3"),75,IF(I9="nul",60,IF( OR(I9="3 - 4",I9="2 - 3",I9="1 - 2"),50,IF( OR(I9="1 - 3",I9="2 - 4",I9="1 - 4"),25,0)))))+IF(K9=G9,+75,0)+IF(L9="oui",+50,0))+0 -> 0
A10: Equipe D | B10: Republique tchèque | D10: 46192 | E10: A vs B | F10: ... | K10: ... | M10: =IF(J10=F10,IF( OR(I10="3 - 1",I10="4 - 1",I10="4 - 2"),100,IF( OR(I10="2 - 1",I10="3 - 2",I10="4 - 3"),75,IF(I10="nul",60,IF( OR(I10="3 - 4",I10="2 - 3",I10="1 - 2"),50,IF( OR(I10="1 - 3",I10="2 - 4",I10="1 - 4"),25,0)))))+IF(K10=G10,+75,0)+IF(L10="oui",+50,0))+0 -> 0
D11: 46198 | E11: A vs D | F11: ... | K11: ... | M11: =IF(J11=F11,IF( OR(I11="3 - 1",I11="4 - 1",I11="4 - 2"),100,IF( OR(I11="2 - 1",I11="3 - 2",I11="4 - 3"),75,IF(I11="nul",60,IF( OR(I11="3 - 4",I11="2 - 3",I11="1 - 2"),50,IF( OR(I11="1 - 3",I11="2 - 4",I11="1 - 4"),25,0)))))+IF(K11=G11,+75,0)+IF(L11="oui",+50,0))+0 -> 0
D12: 46198 | E12: B vs C | F12: ... | K12: ... | M12: =IF(J12=F12,IF( OR(I12="3 - 1",I12="4 - 1",I12="4 - 2"),100,IF( OR(I12="2 - 1",I12="3 - 2",I12="4 - 3"),75,IF(I12="nul",60,IF( OR(I12="3 - 4",I12="2 - 3",I12="1 - 2"),50,IF( OR(I12="1 - 3",I12="2 - 4",I12="1 - 4"),25,0)))))+IF(K12=G12,+75,0)+IF(L12="oui",+50,0))+0 -> 0
A15: Poule B | D15: Dates | E15: Rencontres | F15: Mes prono | G15: Mes scores | H15: Mes Booster | I15: Côte du prono | J15: Vainqueurs | K15: Les résultats | L15: Booster validé | M15: Points gagnés
A16: Equipe A | B16: Canada | D16: 46185 | E16: A vs D | F16: nul | G16: 1 - 1 | I16: nul | J16: nul | K16: 1 - 1 | M16: =IF(J16=F16,IF( OR(I16="3 - 1",I16="4 - 1",I16="4 - 2"),100,IF( OR(I16="2 - 1",I16="3 - 2",I16="4 - 3"),75,IF(I16="nul",60,IF( OR(I16="3 - 4",I16="2 - 3",I16="1 - 2"),50,IF( OR(I16="1 - 3",I16="2 - 4",I16="1 - 4"),25,0)))))+IF(K16=G16,+75,0)+IF(L16="oui",+50,0))+0 -> 135
A17: Equipe B | B17: Suisse | D17: 46186 | E17: B vs C | F17: B | G17: 2 - 0 | H17: B9 | K17: ... | M17: =IF(J17=F17,IF( OR(I17="3 - 1",I17="4 - 1",I17="4 - 2"),100,IF( OR(I17="2 - 1",I17="3 - 2",I17="4 - 3"),75,IF(I17="nul",60,IF( OR(I17="3 - 4",I17="2 - 3",I17="1 - 2"),50,IF( OR(I17="1 - 3",I17="2 - 4",I17="1 - 4"),25,0)))))+IF(K17=G17,+75,0)+IF(L17="oui",+50,0))+0 -> 0
A18: Equipe C | B18: Qatar | D18: 46192 | E18: A vs C | F18: ... | K18: ... | M18: =IF(J18=F18,IF( OR(I18="3 - 1",I18="4 - 1",I18="4 - 2"),100,IF( OR(I18="2 - 1",I18="3 - 2",I18="4 - 3"),75,IF(I18="nul",60,IF( OR(I18="3 - 4",I18="2 - 3",I18="1 - 2"),50,IF( OR(I18="1 - 3",I18="2 - 4",I18="1 - 4"),25,0)))))+IF(K18=G18,+75,0)+IF(L18="oui",+50,0))+0 -> 0
A19: Equipe D | B19: Bosnie | D19: 46191 | E19: B vs D | F19: ... | K19: ... | M19: =IF(J19=F19,IF( OR(I19="3 - 1",I19="4 - 1",I19="4 - 2"),100,IF( OR(I19="2 - 1",I19="3 - 2",I19="4 - 3"),75,IF(I19="nul",60,IF( OR(I19="3 - 4",I19="2 - 3",I19="1 - 2"),50,IF( OR(I19="1 - 3",I19="2 - 4",I19="1 - 4"),25,0)))))+IF(K19=G19,+75,0)+IF(L19="oui",+50,0))+0 -> 0
D20: 46197 | E20: A vs B | F20: ... | K20: ... | M20: =IF(J20=F20,IF( OR(I20="3 - 1",I20="4 - 1",I20="4 - 2"),100,IF( OR(I20="2 - 1",I20="3 - 2",I20="4 - 3"),75,IF(I20="nul",60,IF( OR(I20="3 - 4",I20="2 - 3",I20="1 - 2"),50,IF( OR(I20="1 - 3",I20="2 - 4",I20="1 - 4"),25,0)))))+IF(K20=G20,+75,0)+IF(L20="oui",+50,0))+0 -> 0
D21: 46197 | E21: C vs D | F21: ... | K21: ... | M21: =IF(J21=F21,IF( OR(I21="3 - 1",I21="4 - 1",I21="4 - 2"),100,IF( OR(I21="2 - 1",I21="3 - 2",I21="4 - 3"),75,IF(I21="nul",60,IF( OR(I21="3 - 4",I21="2 - 3",I21="1 - 2"),50,IF( OR(I21="1 - 3",I21="2 - 4",I21="1 - 4"),25,0)))))+IF(K21=G21,+75,0)+IF(L21="oui",+50,0))+0 -> 0
A24: Poule C | D24: Dates | E24: Rencontres | F24: Mes prono | G24: Mes scores | H24: Mes Booster | I24: Côte du prono | J24: Vainqueurs | K24: Les résultats | L24: Booster validé | M24: Points gagnés
A25: Equipe A | B25: Bresil | D25: 46187 | E25: A vs B | F25: N | G25: 2 - 2 | K25: ... | M25: =IF(J25=F25,IF( OR(I25="3 - 1",I25="4 - 1",I25="4 - 2"),100,IF( OR(I25="2 - 1",I25="3 - 2",I25="4 - 3"),75,IF(I25="nul",60,IF( OR(I25="3 - 4",I25="2 - 3",I25="1 - 2"),50,IF( OR(I25="1 - 3",I25="2 - 4",I25="1 - 4"),25,0)))))+IF(K25=G25,+75,0)+IF(L25="oui",+50,0))+0 -> 0
A26: Equipe B | B26: Maroc | D26: 46187 | E26: C vs D | F26: C | G26: 4 - 0 | K26: ... | M26: =IF(J26=F26,IF( OR(I26="3 - 1",I26="4 - 1",I26="4 - 2"),100,IF( OR(I26="2 - 1",I26="3 - 2",I26="4 - 3"),75,IF(I26="nul",60,IF( OR(I26="3 - 4",I26="2 - 3",I26="1 - 2"),50,IF( OR(I26="1 - 3",I26="2 - 4",I26="1 - 4"),25,0)))))+IF(K26=G26,+75,0)+IF(L26="oui",+50,0))+0 -> 0
A27: Equipe C | B27: Ecosse | D27: 46193 | E27: A vs D | F27: ... | K27: ... | M27: =IF(J27=F27,IF( OR(I27="3 - 1",I27="4 - 1",I27="4 - 2"),100,IF( OR(I27="2 - 1",I27="3 - 2",I27="4 - 3"),75,IF(I27="nul",60,IF( OR(I27="3 - 4",I27="2 - 3",I27="1 - 2"),50,IF( OR(I27="1 - 3",I27="2 - 4",I27="1 - 4"),25,0)))))+IF(K27=G27,+75,0)+IF(L27="oui",+50,0))+0 -> 0
A28: Equipe D | B28: Haïti | D28: 46193 | E28: B vs C | F28: ... | K28: ... | M28: =IF(J28=F28,IF( OR(I28="3 - 1",I28="4 - 1",I28="4 - 2"),100,IF( OR(I28="2 - 1",I28="3 - 2",I28="4 - 3"),75,IF(I28="nul",60,IF( OR(I28="3 - 4",I28="2 - 3",I28="1 - 2"),50,IF( OR(I28="1 - 3",I28="2 - 4",I28="1 - 4"),25,0)))))+IF(K28=G28,+75,0)+IF(L28="oui",+50,0))+0 -> 0
D29: 46198 | E29: A vs C | F29: ... | K29: ... | M29: =IF(J29=F29,IF( OR(I29="3 - 1",I29="4 - 1",I29="4 - 2"),100,IF( OR(I29="2 - 1",I29="3 - 2",I29="4 - 3"),75,IF(I29="nul",60,IF( OR(I29="3 - 4",I29="2 - 3",I29="1 - 2"),50,IF( OR(I29="1 - 3",I29="2 - 4",I29="1 - 4"),25,0)))))+IF(K29=G29,+75,0)+IF(L29="oui",+50,0))+0 -> 0
D30: 46198 | E30: B vs D | F30: ... | K30: ... | M30: =IF(J30=F30,IF( OR(I30="3 - 1",I30="4 - 1",I30="4 - 2"),100,IF( OR(I30="2 - 1",I30="3 - 2",I30="4 - 3"),75,IF(I30="nul",60,IF( OR(I30="3 - 4",I30="2 - 3",I30="1 - 2"),50,IF( OR(I30="1 - 3",I30="2 - 4",I30="1 - 4"),25,0)))))+IF(K30=G30,+75,0)+IF(L30="oui",+50,0))+0 -> 0
A33: Poule D | D33: Dates | E33: Rencontres | F33: Mes prono | G33: Mes scores | H33: Mes Booster | I33: Côte du prono | J33: Vainqueurs | K33: Les résultats | L33: Booster validé | M33: Points gagnés
A34: Equipe A | B34: Etat Unis | D34: 46186 | E34: A vs C | F34: A | G34: 2 - 1 | I34: 1 - 4 | J34: A | K34: 4 - 1 | M34: =IF(J34=F34,IF( OR(I34="3 - 1",I34="4 - 1",I34="4 - 2"),100,IF( OR(I34="2 - 1",I34="3 - 2",I34="4 - 3"),75,IF(I34="nul",60,IF( OR(I34="3 - 4",I34="2 - 3",I34="1 - 2"),50,IF( OR(I34="1 - 3",I34="2 - 4",I34="1 - 4"),25,0)))))+IF(K34=G34,+75,0)+IF(L34="oui",+50,0))+0 -> 25
A35: Equipe B | B35: Australie | D35: 46187 | E35: B vs D | F35: D | G35: 1 - 2 | K35: ... | M35: =IF(J35=F35,IF( OR(I35="3 - 1",I35="4 - 1",I35="4 - 2"),100,IF( OR(I35="2 - 1",I35="3 - 2",I35="4 - 3"),75,IF(I35="nul",60,IF( OR(I35="3 - 4",I35="2 - 3",I35="1 - 2"),50,IF( OR(I35="1 - 3",I35="2 - 4",I35="1 - 4"),25,0)))))+IF(K35=G35,+75,0)+IF(L35="oui",+50,0))+0 -> 0
A36: Equipe C | B36: Paraguay | D36: 46192 | E36: A vs B | F36: ... | K36: ... | M36: =IF(J36=F36,IF( OR(I36="3 - 1",I36="4 - 1",I36="4 - 2"),100,IF( OR(I36="2 - 1",I36="3 - 2",I36="4 - 3"),75,IF(I36="nul",60,IF( OR(I36="3 - 4",I36="2 - 3",I36="1 - 2"),50,IF( OR(I36="1 - 3",I36="2 - 4",I36="1 - 4"),25,0)))))+IF(K36=G36,+75,0)+IF(L36="oui",+50,0))+0 -> 0
A37: Equipe D | B37: Turquie | D37: 46193 | E37: C vs D | F37: ... | K37: ... | M37: =IF(J37=F37,IF( OR(I37="3 - 1",I37="4 - 1",I37="4 - 2"),100,IF( OR(I37="2 - 1",I37="3 - 2",I37="4 - 3"),75,IF(I37="nul",60,IF( OR(I37="3 - 4",I37="2 - 3",I37="1 - 2"),50,IF( OR(I37="1 - 3",I37="2 - 4",I37="1 - 4"),25,0)))))+IF(K37=G37,+75,0)+IF(L37="oui",+50,0))+0 -> 0
D38: 46199 | E38: A vs D | F38: ... | K38: ... | M38: =IF(J38=F38,IF( OR(I38="3 - 1",I38="4 - 1",I38="4 - 2"),100,IF( OR(I38="2 - 1",I38="3 - 2",I38="4 - 3"),75,IF(I38="nul",60,IF( OR(I38="3 - 4",I38="2 - 3",I38="1 - 2"),50,IF( OR(I38="1 - 3",I38="2 - 4",I38="1 - 4"),25,0)))))+IF(K38=G38,+75,0)+IF(L38="oui",+50,0))+0 -> 0
D39: 46199 | E39: B vs C | F39: ... | K39: ... | M39: =IF(J39=F39,IF( OR(I39="3 - 1",I39="4 - 1",I39="4 - 2"),100,IF( OR(I39="2 - 1",I39="3 - 2",I39="4 - 3"),75,IF(I39="nul",60,IF( OR(I39="3 - 4",I39="2 - 3",I39="1 - 2"),50,IF( OR(I39="1 - 3",I39="2 - 4",I39="1 - 4"),25,0)))))+IF(K39=G39,+75,0)+IF(L39="oui",+50,0))+0 -> 0
A42: Poule E | D42: Dates | E42: Rencontres | F42: Mes prono | G42: Mes scores | H42: Mes Booster | I42: Côte du prono | J42: Vainqueurs | K42: Les résultats | L42: Booster validé | M42: Points gagnés
A43: Equipe A | B43: Allemagne | D43: 46187 | E43: A vs D | F43: A | G43: 3 - 1 | K43: ... | M43: =IF(J43=F43,IF( OR(I43="3 - 1",I43="4 - 1",I43="4 - 2"),100,IF( OR(I43="2 - 1",I43="3 - 2",I43="4 - 3"),75,IF(I43="nul",60,IF( OR(I43="3 - 4",I43="2 - 3",I43="1 - 2"),50,IF( OR(I43="1 - 3",I43="2 - 4",I43="1 - 4"),25,0)))))+IF(K43=G43,+75,0)+IF(L43="oui",+50,0))+0 -> 0
A44: Equipe B | B44: Equateur | D44: 46188 | E44: B vs C | F44: N | G44: 1 - 1 | K44: ... | M44: =IF(J44=F44,IF( OR(I44="3 - 1",I44="4 - 1",I44="4 - 2"),100,IF( OR(I44="2 - 1",I44="3 - 2",I44="4 - 3"),75,IF(I44="nul",60,IF( OR(I44="3 - 4",I44="2 - 3",I44="1 - 2"),50,IF( OR(I44="1 - 3",I44="2 - 4",I44="1 - 4"),25,0)))))+IF(K44=G44,+75,0)+IF(L44="oui",+50,0))+0 -> 0
A45: Equipe C | B45: Cote d'Ivoire | D45: 46193 | E45: A vs C | F45: ... | K45: ... | M45: =IF(J45=F45,IF( OR(I45="3 - 1",I45="4 - 1",I45="4 - 2"),100,IF( OR(I45="2 - 1",I45="3 - 2",I45="4 - 3"),75,IF(I45="nul",60,IF( OR(I45="3 - 4",I45="2 - 3",I45="1 - 2"),50,IF( OR(I45="1 - 3",I45="2 - 4",I45="1 - 4"),25,0)))))+IF(K45=G45,+75,0)+IF(L45="oui",+50,0))+0 -> 0
A46: Equipe D | B46: Curaçao | D46: 46194 | E46: B vs D | F46: ... | K46: ... | M46: =IF(J46=F46,IF( OR(I46="3 - 1",I46="4 - 1",I46="4 - 2"),100,IF( OR(I46="2 - 1",I46="3 - 2",I46="4 - 3"),75,IF(I46="nul",60,IF( OR(I46="3 - 4",I46="2 - 3",I46="1 - 2"),50,IF( OR(I46="1 - 3",I46="2 - 4",I46="1 - 4"),25,0)))))+IF(K46=G46,+75,0)+IF(L46="oui",+50,0))+0 -> 0
D47: 46198 | E47: A vs B | F47: ... | K47: ... | M47: =IF(J47=F47,IF( OR(I47="3 - 1",I47="4 - 1",I47="4 - 2"),100,IF( OR(I47="2 - 1",I47="3 - 2",I47="4 - 3"),75,IF(I47="nul",60,IF( OR(I47="3 - 4",I47="2 - 3",I47="1 - 2"),50,IF( OR(I47="1 - 3",I47="2 - 4",I47="1 - 4"),25,0)))))+IF(K47=G47,+75,0)+IF(L47="oui",+50,0))+0 -> 0
D48: 46198 | E48: C vs D | F48: ... | K48: ... | M48: =IF(J48=F48,IF( OR(I48="3 - 1",I48="4 - 1",I48="4 - 2"),100,IF( OR(I48="2 - 1",I48="3 - 2",I48="4 - 3"),75,IF(I48="nul",60,IF( OR(I48="3 - 4",I48="2 - 3",I48="1 - 2"),50,IF( OR(I48="1 - 3",I48="2 - 4",I48="1 - 4"),25,0)))))+IF(K48=G48,+75,0)+IF(L48="oui",+50,0))+0 -> 0
A51: Poule F | D51: Dates | E51: Rencontres | F51: Mes prono | G51: Mes scores | H51: Mes Booster | I51: Côte du prono | J51: Vainqueurs | K51: Les résultats | L51: Booster validé | M51: Points gagnés
A52: Equipe A | B52: Pays Bas | D52: 46187 | E52: A vs B | F52: A | G52: 2 - 1 | H52: B20 | K52: ... | M52: =IF(J52=F52,IF( OR(I52="3 - 1",I52="4 - 1",I52="4 - 2"),100,IF( OR(I52="2 - 1",I52="3 - 2",I52="4 - 3"),75,IF(I52="nul",60,IF( OR(I52="3 - 4",I52="2 - 3",I52="1 - 2"),50,IF( OR(I52="1 - 3",I52="2 - 4",I52="1 - 4"),25,0)))))+IF(K52=G52,+75,0)+IF(L52="oui",+50,0))+0 -> 0
A53: Equipe B | B53: Japon | D53: 46188 | E53: C vs D | F53: N | G53: 1 - 1 | H53: B23 | K53: ... | M53: =IF(J53=F53,IF( OR(I53="3 - 1",I53="4 - 1",I53="4 - 2"),100,IF( OR(I53="2 - 1",I53="3 - 2",I53="4 - 3"),75,IF(I53="nul",60,IF( OR(I53="3 - 4",I53="2 - 3",I53="1 - 2"),50,IF( OR(I53="1 - 3",I53="2 - 4",I53="1 - 4"),25,0)))))+IF(K53=G53,+75,0)+IF(L53="oui",+50,0))+0 -> 0
A54: Equipe C | B54: Tunisie | D54: 46193 | E54: A vs D | F54: ... | K54: ... | M54: =IF(J54=F54,IF( OR(I54="3 - 1",I54="4 - 1",I54="4 - 2"),100,IF( OR(I54="2 - 1",I54="3 - 2",I54="4 - 3"),75,IF(I54="nul",60,IF( OR(I54="3 - 4",I54="2 - 3",I54="1 - 2"),50,IF( OR(I54="1 - 3",I54="2 - 4",I54="1 - 4"),25,0)))))+IF(K54=G54,+75,0)+IF(L54="oui",+50,0))+0 -> 0
A55: Equipe D | B55: Suede | D55: 46194 | E55: B vs C | F55: ... | K55: ... | M55: =IF(J55=F55,IF( OR(I55="3 - 1",I55="4 - 1",I55="4 - 2"),100,IF( OR(I55="2 - 1",I55="3 - 2",I55="4 - 3"),75,IF(I55="nul",60,IF( OR(I55="3 - 4",I55="2 - 3",I55="1 - 2"),50,IF( OR(I55="1 - 3",I55="2 - 4",I55="1 - 4"),25,0)))))+IF(K55=G55,+75,0)+IF(L55="oui",+50,0))+0 -> 0
